날짜,호선,역명,역명_정규화,요일,카테고리,승차,하차,승하차합계,평균_승차,평균_하차,평균_승하차합계,상승률_%,상승여부
2023-01-02,4호선,삼각지,삼각지,Monday,시위,5290,6233,11523,5873.513333,6514.193333,12387.70667,-6.98,감소
2023-01-02,4호선,혜화,혜화,Monday,시위,29481,29459,58940,32751.31915,32747.31206,65498.63121,-10.01,감소
2023-01-03,2호선,강남,강남,Tuesday,시위,86527,83225,169752,85227.27333,82783.72667,168011,1.04,증가
2023-01-03,2호선,동대문사문화공원,동대문역사문화공원,Tuesday,시위,13180,14894,28074,14588.73333,16676.32667,31265.06,-10.21,감소
2023-01-03,4호선,동대문,동대문,Tuesday,시위,19592,20200,39792,20746.04667,21262.91333,42008.96,-5.28,감소
2023-01-03,4호선,동대문사문화공원,동대문역사문화공원,Tuesday,시위,17095,15039,32134,19263.27333,17014.63333,36277.90667,-11.42,감소
2023-01-03,4호선,삼각지,삼각지,Tuesday,시위,5666,6124,11790,6361.54,7155.513333,13517.05333,-12.78,감소
2023-01-03,4호선,성신여대입구,성신여대입구,Tuesday,시위,19330,18968,38298,22952.47333,22154.33333,45106.80667,-15.09,감소
2023-01-03,5호선,동대문사문화공원,동대문역사문화공원,Tuesday,시위,3376,3934,7310,3444.206667,3920.26,7364.466667,-0.74,감소
2023-01-04,5호선,동대문사문화공원,동대문역사문화공원,Wednesday,시위,3492,3987,7479,3476.794702,3949.119205,7425.913907,0.71,증가
2023-01-04,4호선,혜화,혜화,Wednesday,시위,35053,34782,69835,39045.08276,38949.02759,77994.11034,-10.46,감소
2023-01-04,4호선,동대문사문화공원,동대문역사문화공원,Wednesday,시위,17490,15387,32877,19739.78146,17468.21854,37208,-11.64,감소
2023-01-04,2호선,동대문사문화공원,동대문역사문화공원,Wednesday,시위,13569,15439,29008,14983.58278,17203.7351,32187.31788,-9.88,감소
2023-01-05,4호선,혜화,혜화,Thursday,시위,34627,34467,69094,38490.95139,38497.58333,76988.53472,-10.25,감소
2023-01-07,5호선,올림픽공원,올림픽공원,Saturday,행사,4414,3979,8393,2739.166667,2440,5179.166667,62.05,증가
2023-01-08,5호선,올림픽공원,올림픽공원,Sunday,행사,3480,3252,6732,3374.333333,3357,6731.333333,0.01,증가
2023-01-10,4호선,혜화,혜화,Tuesday,시위,34316,34397,68713,36660.19444,36548.82639,73209.02083,-6.14,감소
2023-01-13,4호선,혜화,혜화,Friday,시위,36137,36095,72232,39891.46763,39756.85612,79648.32374,-9.31,감소
2023-01-14,4호선,삼각지,삼각지,Saturday,시위,5485,7082,12567,6082.993377,8023.662252,14106.65563,-10.91,감소
2023-01-14,5호선,올림픽공원,올림픽공원,Saturday,행사,4066,3845,7911,2739.166667,2440,5179.166667,52.75,증가
2023-01-15,5호선,올림픽공원,올림픽공원,Sunday,행사,2522,2325,4847,3374.333333,3357,6731.333333,-27.99,감소
2023-01-18,4호선,혜화,혜화,Wednesday,시위,37106,36397,73503,39045.08276,38949.02759,77994.11034,-5.76,감소
2023-01-19,4호선,혜화,혜화,Thursday,시위,35705,35212,70917,38490.95139,38497.58333,76988.53472,-7.89,감소
2023-01-19,5호선,올림픽공원,올림픽공원,Thursday,행사,5667,5700,11367,5183.440559,4403.132867,9586.573427,18.57,증가
2023-01-20,2호선,시청,시청,Friday,시위,25217,24358,49575,29834.02027,28301.56757,58135.58784,-14.73,감소
2023-01-20,4호선,삼각지,삼각지,Friday,시위,5803,6627,12430,7242.225166,8446.788079,15689.01325,-20.77,감소
2023-01-20,4호선,신용산,신용산,Friday,시위,17675,20192,37867,22386.31788,24193.18543,46579.50331,-18.7,감소
2023-01-25,4호선,혜화,혜화,Wednesday,시위,29801,29694,59495,39045.08276,38949.02759,77994.11034,-23.72,감소
2023-01-28,5호선,올림픽공원,올림픽공원,Saturday,행사,4222,4139,8361,2739.166667,2440,5179.166667,61.44,증가
2023-01-29,5호선,올림픽공원,올림픽공원,Sunday,행사,2569,2377,4946,3374.333333,3357,6731.333333,-26.52,감소
2023-02-01,4호선,혜화,혜화,Wednesday,시위,37268,36873,74141,39045.08276,38949.02759,77994.11034,-4.94,감소
2023-02-02,4호선,혜화,혜화,Thursday,시위,36316,36204,72520,38490.95139,38497.58333,76988.53472,-5.8,감소
2023-02-03,4호선,혜화,혜화,Friday,시위,37524,37707,75231,39891.46763,39756.85612,79648.32374,-5.55,감소
2023-02-04,5호선,올림픽공원,올림픽공원,Saturday,행사,3258,2983,6241,2739.166667,2440,5179.166667,20.5,증가
2023-02-05,5호선,올림픽공원,올림픽공원,Sunday,행사,2631,2469,5100,3374.333333,3357,6731.333333,-24.23,감소
2023-02-11,5호선,올림픽공원,올림픽공원,Saturday,행사,3730,3512,7242,2739.166667,2440,5179.166667,39.83,증가
2023-02-12,5호선,올림픽공원,올림픽공원,Sunday,행사,2916,2926,5842,3374.333333,3357,6731.333333,-13.21,감소
2023-02-13,4호선,삼각지,삼각지,Monday,시위,5826,6491,12317,5873.513333,6514.193333,12387.70667,-0.57,감소
2023-02-18,5호선,올림픽공원,올림픽공원,Saturday,행사,5095,4799,9894,2739.166667,2440,5179.166667,91.03,증가
2023-02-19,5호선,올림픽공원,올림픽공원,Sunday,행사,2656,2362,5018,3374.333333,3357,6731.333333,-25.45,감소
2023-02-20,4호선,혜화,혜화,Monday,시위,33920,33364,67284,32751.31915,32747.31206,65498.63121,2.73,증가
2023-02-23,2호선,시청,시청,Thursday,시위,29166,27895,57061,29729.20408,28537.02041,58266.22449,-2.07,감소
2023-02-24,2호선,시청,시청,Friday,시위,28874,27895,56769,29834.02027,28301.56757,58135.58784,-2.35,감소
2023-02-25,5호선,올림픽공원,올림픽공원,Saturday,행사,3634,3198,6832,2739.166667,2440,5179.166667,31.91,증가
2023-02-25,2호선,종합운동장,종합운동장,Saturday,행사,7569,8410,15979,11157.85556,12532.94444,23690.8,-32.55,감소
2023-02-26,2호선,종합운동장,종합운동장,Sunday,행사,6882,7421,14303,11497.52632,12325.68421,23823.21053,-39.96,감소
2023-02-26,5호선,올림픽공원,올림픽공원,Sunday,행사,2751,2610,5361,3374.333333,3357,6731.333333,-20.36,감소
2023-02-28,5호선,올림픽공원,올림픽공원,Tuesday,행사,5838,5399,11237,5070.673611,4315.652778,9386.326389,19.72,증가
2023-03-02,2호선,시청,시청,Thursday,시위,27042,26313,53355,29729.20408,28537.02041,58266.22449,-8.43,감소
2023-03-02,5호선,올림픽공원,올림픽공원,Thursday,행사,5247,4681,9928,5183.440559,4403.132867,9586.573427,3.56,증가
2023-03-03,5호선,올림픽공원,올림픽공원,Friday,행사,5357,4783,10140,5334.41791,4560.880597,9895.298507,2.47,증가
2023-03-04,5호선,올림픽공원,올림픽공원,Saturday,행사,4600,4212,8812,2739.166667,2440,5179.166667,70.14,증가
2023-03-05,5호선,올림픽공원,올림픽공원,Sunday,행사,4215,4256,8471,3374.333333,3357,6731.333333,25.84,증가
2023-03-07,2호선,시청,시청,Tuesday,시위,28286,27437,55723,29145.64384,27907.08219,57052.72603,-2.33,감소
2023-03-09,4호선,삼각지,삼각지,Thursday,시위,6325,7050,13375,6710.277027,7547.959459,14258.23649,-6.19,감소
2023-03-11,5호선,올림픽공원,올림픽공원,Saturday,행사,6781,7101,13882,2739.166667,2440,5179.166667,168.04,증가
2023-03-12,5호선,올림픽공원,올림픽공원,Sunday,행사,5063,5435,10498,3374.333333,3357,6731.333333,55.96,증가
2023-03-20,2호선,시청,시청,Monday,시위,27449,26674,54123,26955.27778,25724.90972,52680.1875,2.74,증가
2023-03-20,5호선,올림픽공원,올림픽공원,Monday,행사,8753,8306,17059,4923.958904,4205.315068,9129.273973,86.86,증가
2023-03-23,2호선,시청,시청,Thursday,시위,29535,28561,58096,29729.20408,28537.02041,58266.22449,-0.29,감소
2023-03-24,2호선,시청,시청,Friday,시위,29368,27782,57150,29834.02027,28301.56757,58135.58784,-1.7,감소
2023-03-24,5호선,올림픽공원,올림픽공원,Friday,행사,5596,4845,10441,5334.41791,4560.880597,9895.298507,5.51,증가
2023-03-25,5호선,올림픽공원,올림픽공원,Saturday,행사,6956,6978,13934,2739.166667,2440,5179.166667,169.04,증가
2023-03-26,5호선,올림픽공원,올림픽공원,Sunday,행사,6139,6401,12540,3374.333333,3357,6731.333333,86.29,증가
2023-03-31,5호선,올림픽공원,올림픽공원,Friday,행사,5994,5315,11309,5334.41791,4560.880597,9895.298507,14.29,증가
2023-04-01,5호선,올림픽공원,올림픽공원,Saturday,행사,6696,6280,12976,2739.166667,2440,5179.166667,150.54,증가
2023-04-02,5호선,올림픽공원,올림픽공원,Sunday,행사,5207,5274,10481,3374.333333,3357,6731.333333,55.7,증가
2023-04-02,4호선,삼각지,삼각지,Sunday,시위,3511,4685,8196,4444.032895,5677.605263,10121.63816,-19.02,감소
2023-04-08,5호선,올림픽공원,올림픽공원,Saturday,행사,6293,6525,12818,2739.166667,2440,5179.166667,147.49,증가
2023-04-15,2호선,종합운동장,종합운동장,Saturday,행사,18210,20404,38614,11157.85556,12532.94444,23690.8,62.99,증가
2023-04-15,5호선,올림픽공원,올림픽공원,Saturday,행사,4714,4749,9463,2739.166667,2440,5179.166667,82.71,증가
2023-04-16,2호선,종합운동장,종합운동장,Sunday,행사,16390,18093,34483,11497.52632,12325.68421,23823.21053,44.75,증가
2023-04-16,5호선,올림픽공원,올림픽공원,Sunday,행사,4309,4405,8714,3374.333333,3357,6731.333333,29.45,증가
2023-04-17,2호선,시청,시청,Monday,시위,27202,26214,53416,26955.27778,25724.90972,52680.1875,1.4,증가
2023-04-19,4호선,명동,명동,Wednesday,시위,33601,34382,67983,34306.08609,36427.01325,70733.09934,-3.89,감소
2023-04-20,4호선,삼각지,삼각지,Thursday,시위,6538,7632,14170,6710.277027,7547.959459,14258.23649,-0.62,감소
2023-04-20,5호선,광화문,광화문,Thursday,시위,36183,38403,74586,36583.28477,38707.52318,75290.80795,-0.94,감소
2023-04-20,2호선,시청,시청,Thursday,시위,29490,28743,58233,29729.20408,28537.02041,58266.22449,-0.06,감소
2023-04-21,5호선,광화문,광화문,Friday,시위,35760,37714,73474,36279.19868,38386.64238,74665.84106,-1.6,감소
2023-04-22,2호선,종합운동장,종합운동장,Saturday,행사,16073,17973,34046,11157.85556,12532.94444,23690.8,43.71,증가
2023-04-22,5호선,올림픽공원,올림픽공원,Saturday,행사,4319,3881,8200,2739.166667,2440,5179.166667,58.33,증가
2023-04-23,2호선,종합운동장,종합운동장,Sunday,행사,17448,18316,35764,11497.52632,12325.68421,23823.21053,50.12,증가
2023-04-23,5호선,올림픽공원,올림픽공원,Sunday,행사,3684,3311,6995,3374.333333,3357,6731.333333,3.92,증가
2023-04-24,4호선,혜화,혜화,Monday,시위,33874,33799,67673,32751.31915,32747.31206,65498.63121,3.32,증가
2023-04-28,2호선,종합운동장,종합운동장,Friday,행사,24507,26098,50605,12712.36134,13981.92437,26694.28571,89.57,증가
2023-04-29,5호선,올림픽공원,올림픽공원,Saturday,행사,5421,4601,10022,2739.166667,2440,5179.166667,93.51,증가
2023-04-29,2호선,종합운동장,종합운동장,Saturday,행사,21696,24194,45890,11157.85556,12532.94444,23690.8,93.7,증가
2023-04-30,5호선,올림픽공원,올림픽공원,Sunday,행사,4220,3632,7852,3374.333333,3357,6731.333333,16.65,증가
2023-05-05,2호선,종합운동장,종합운동장,Friday,행사,5436,5937,11373,12712.36134,13981.92437,26694.28571,-57.4,감소
2023-05-05,5호선,올림픽공원,올림픽공원,Friday,행사,3150,2861,6011,5334.41791,4560.880597,9895.298507,-39.25,감소
2023-05-06,5호선,올림픽공원,올림픽공원,Saturday,행사,4591,3810,8401,2739.166667,2440,5179.166667,62.21,증가
2023-05-06,2호선,종합운동장,종합운동장,Saturday,행사,6146,6500,12646,11157.85556,12532.94444,23690.8,-46.62,감소
2023-05-07,2호선,종합운동장,종합운동장,Sunday,행사,15764,17769,33533,11497.52632,12325.68421,23823.21053,40.76,증가
2023-05-07,5호선,올림픽공원,올림픽공원,Sunday,행사,3933,3271,7204,3374.333333,3357,6731.333333,7.02,증가
2023-05-13,2호선,종합운동장,종합운동장,Saturday,행사,37899,42567,80466,11157.85556,12532.94444,23690.8,239.65,증가
2023-05-13,5호선,올림픽공원,올림픽공원,Saturday,행사,5617,5845,11462,2739.166667,2440,5179.166667,121.31,증가
2023-05-14,5호선,올림픽공원,올림픽공원,Sunday,행사,4978,5191,10169,3374.333333,3357,6731.333333,51.07,증가
2023-05-19,5호선,올림픽공원,올림픽공원,Friday,행사,8061,7258,15319,5334.41791,4560.880597,9895.298507,54.81,증가
2023-05-20,5호선,올림픽공원,올림픽공원,Saturday,행사,6779,6326,13105,2739.166667,2440,5179.166667,153.03,증가
2023-05-21,5호선,올림픽공원,올림픽공원,Sunday,행사,5765,5423,11188,3374.333333,3357,6731.333333,66.21,증가
2023-05-26,5호선,올림픽공원,올림픽공원,Friday,행사,7134,6640,13774,5334.41791,4560.880597,9895.298507,39.2,증가
2023-05-27,5호선,올림픽공원,올림픽공원,Saturday,행사,4841,4510,9351,2739.166667,2440,5179.166667,80.55,증가
2023-05-28,5호선,올림픽공원,올림픽공원,Sunday,행사,3612,3286,6898,3374.333333,3357,6731.333333,2.48,증가
2023-06-03,5호선,올림픽공원,올림픽공원,Saturday,행사,6546,6622,13168,2739.166667,2440,5179.166667,154.25,증가
2023-06-04,5호선,올림픽공원,올림픽공원,Sunday,행사,6038,6260,12298,3374.333333,3357,6731.333333,82.7,증가
2023-06-10,5호선,올림픽공원,올림픽공원,Saturday,행사,6084,5661,11745,2739.166667,2440,5179.166667,126.77,증가
2023-06-11,5호선,올림픽공원,올림픽공원,Sunday,행사,4558,4852,9410,3374.333333,3357,6731.333333,39.79,증가
2023-06-13,2호선,시청,시청,Tuesday,시위,30205,29845,60050,29145.64384,27907.08219,57052.72603,5.25,증가
2023-06-16,5호선,올림픽공원,올림픽공원,Friday,행사,8260,7710,15970,5334.41791,4560.880597,9895.298507,61.39,증가
2023-06-17,2호선,종합운동장,종합운동장,Saturday,행사,41567,56159,97726,11157.85556,12532.94444,23690.8,312.51,증가
2023-06-17,5호선,올림픽공원,올림픽공원,Saturday,행사,5896,5625,11521,2739.166667,2440,5179.166667,122.45,증가
2023-06-18,2호선,종합운동장,종합운동장,Sunday,행사,39943,52102,92045,11497.52632,12325.68421,23823.21053,286.37,증가
2023-06-18,5호선,올림픽공원,올림픽공원,Sunday,행사,4907,4632,9539,3374.333333,3357,6731.333333,41.71,증가
2023-06-23,5호선,올림픽공원,올림픽공원,Friday,행사,7643,7190,14833,5334.41791,4560.880597,9895.298507,49.9,증가
2023-06-23,2호선,종합운동장,종합운동장,Friday,행사,27969,32139,60108,12712.36134,13981.92437,26694.28571,125.17,증가
2023-06-24,2호선,종합운동장,종합운동장,Saturday,행사,39322,44138,83460,11157.85556,12532.94444,23690.8,252.29,증가
2023-06-24,5호선,올림픽공원,올림픽공원,Saturday,행사,8219,8296,16515,2739.166667,2440,5179.166667,218.87,증가
2023-06-25,2호선,종합운동장,종합운동장,Sunday,행사,35654,38154,73808,11497.52632,12325.68421,23823.21053,209.82,증가
2023-06-25,5호선,올림픽공원,올림픽공원,Sunday,행사,6336,7132,13468,3374.333333,3357,6731.333333,100.08,증가
2023-06-29,4호선,삼각지,삼각지,Thursday,시위,6116,6913,13029,6710.277027,7547.959459,14258.23649,-8.62,감소
2023-06-30,2호선,종합운동장,종합운동장,Friday,행사,39742,46487,86229,12712.36134,13981.92437,26694.28571,223.02,증가
2023-07-01,2호선,종합운동장,종합운동장,Saturday,행사,38355,43665,82020,11157.85556,12532.94444,23690.8,246.21,증가
2023-07-01,5호선,올림픽공원,올림픽공원,Saturday,행사,5931,6571,12502,2739.166667,2440,5179.166667,141.39,증가
2023-07-02,2호선,종합운동장,종합운동장,Sunday,행사,35217,38783,74000,11497.52632,12325.68421,23823.21053,210.62,증가
2023-07-02,5호선,올림픽공원,올림픽공원,Sunday,행사,5284,5648,10932,3374.333333,3357,6731.333333,62.4,증가
2023-07-03,4호선,혜화,혜화,Monday,시위,31765,31925,63690,32751.31915,32747.31206,65498.63121,-2.76,감소
2023-07-06,4호선,삼각지,삼각지,Thursday,시위,6623,7466,14089,6710.277027,7547.959459,14258.23649,-1.19,감소
2023-07-08,5호선,올림픽공원,올림픽공원,Saturday,행사,5194,5341,10535,2739.166667,2440,5179.166667,103.41,증가
2023-07-09,5호선,올림픽공원,올림픽공원,Sunday,행사,4069,4152,8221,3374.333333,3357,6731.333333,22.13,증가
2023-07-14,5호선,올림픽공원,올림픽공원,Friday,행사,4822,3992,8814,5334.41791,4560.880597,9895.298507,-10.93,감소
2023-07-15,5호선,올림픽공원,올림픽공원,Saturday,행사,3126,2724,5850,2739.166667,2440,5179.166667,12.95,증가
2023-07-16,5호선,올림픽공원,올림픽공원,Sunday,행사,2913,2573,5486,3374.333333,3357,6731.333333,-18.5,감소
2023-07-22,5호선,올림픽공원,올림픽공원,Saturday,행사,5029,4598,9627,2739.166667,2440,5179.166667,85.88,증가
2023-07-23,5호선,올림픽공원,올림픽공원,Sunday,행사,4106,3603,7709,3374.333333,3357,6731.333333,14.52,증가
2023-07-28,5호선,올림픽공원,올림픽공원,Friday,행사,4667,4099,8766,5334.41791,4560.880597,9895.298507,-11.41,감소
2023-07-29,5호선,올림픽공원,올림픽공원,Saturday,행사,5169,5769,10938,2739.166667,2440,5179.166667,111.19,증가
2023-07-30,5호선,올림픽공원,올림픽공원,Sunday,행사,4476,5026,9502,3374.333333,3357,6731.333333,41.16,증가
2023-08-04,5호선,올림픽공원,올림픽공원,Friday,행사,7419,7328,14747,5334.41791,4560.880597,9895.298507,49.03,증가
2023-08-05,5호선,올림픽공원,올림픽공원,Saturday,행사,5421,5787,11208,2739.166667,2440,5179.166667,116.41,증가
2023-08-06,5호선,올림픽공원,올림픽공원,Sunday,행사,4546,5228,9774,3374.333333,3357,6731.333333,45.2,증가
2023-08-10,5호선,올림픽공원,올림픽공원,Thursday,행사,5407,5125,10532,5183.440559,4403.132867,9586.573427,9.86,증가
2023-08-11,2호선,시청,시청,Friday,시위,27235,26564,53799,29834.02027,28301.56757,58135.58784,-7.46,감소
2023-08-12,2호선,종합운동장,종합운동장,Saturday,행사,15719,17040,32759,11157.85556,12532.94444,23690.8,38.28,증가
2023-08-12,5호선,올림픽공원,올림픽공원,Saturday,행사,3068,2823,5891,2739.166667,2440,5179.166667,13.74,증가
2023-08-13,2호선,종합운동장,종합운동장,Sunday,행사,15872,16570,32442,11497.52632,12325.68421,23823.21053,36.18,증가
2023-08-13,5호선,올림픽공원,올림픽공원,Sunday,행사,2414,2321,4735,3374.333333,3357,6731.333333,-29.66,감소
2023-08-14,5호선,올림픽공원,올림픽공원,Monday,행사,3935,3519,7454,4923.958904,4205.315068,9129.273973,-18.35,감소
2023-08-19,5호선,올림픽공원,올림픽공원,Saturday,행사,4940,4813,9753,2739.166667,2440,5179.166667,88.31,증가
2023-08-20,5호선,올림픽공원,올림픽공원,Sunday,행사,4057,4157,8214,3374.333333,3357,6731.333333,22.03,증가
2023-08-22,5호선,올림픽공원,올림픽공원,Tuesday,행사,5229,4260,9489,5070.673611,4315.652778,9386.326389,1.09,증가
2023-08-25,5호선,올림픽공원,올림픽공원,Friday,행사,5755,5292,11047,5334.41791,4560.880597,9895.298507,11.64,증가
2023-08-26,5호선,올림픽공원,올림픽공원,Saturday,행사,5192,4959,10151,2739.166667,2440,5179.166667,96,증가
2023-08-27,5호선,올림픽공원,올림픽공원,Sunday,행사,4208,4220,8428,3374.333333,3357,6731.333333,25.21,증가
2023-08-29,5호선,올림픽공원,올림픽공원,Tuesday,행사,7932,7216,15148,5070.673611,4315.652778,9386.326389,61.38,증가
2023-09-02,5호선,올림픽공원,올림픽공원,Saturday,행사,5559,5320,10879,2739.166667,2440,5179.166667,110.05,증가
2023-09-03,5호선,올림픽공원,올림픽공원,Sunday,행사,5568,4875,10443,3374.333333,3357,6731.333333,55.14,증가
2023-09-05,2호선,당산,당산,Tuesday,시위,20097,23593,43690,19475.85333,22659.74,42135.59333,3.69,증가
2023-09-05,2호선,시청,시청,Tuesday,시위,29465,28208,57673,29145.64384,27907.08219,57052.72603,1.09,증가
2023-09-05,4호선,서울,서울,Tuesday,시위,14099,21094,35193,13570.12245,21557.77551,35127.89796,0.19,증가
2023-09-09,5호선,올림픽공원,올림픽공원,Saturday,행사,6519,5710,12229,2739.166667,2440,5179.166667,136.12,증가
2023-09-09,2호선,종합운동장,종합운동장,Saturday,행사,25517,29117,54634,11157.85556,12532.94444,23690.8,130.61,증가
2023-09-10,2호선,종합운동장,종합운동장,Sunday,행사,17304,18840,36144,11497.52632,12325.68421,23823.21053,51.72,증가
2023-09-10,5호선,올림픽공원,올림픽공원,Sunday,행사,4120,3724,7844,3374.333333,3357,6731.333333,16.53,증가
2023-09-11,2호선,당산,당산,Monday,시위,19807,23598,43405,18499.2053,21586.68212,40085.88742,8.28,증가
2023-09-11,2호선,시청,시청,Monday,시위,27537,26620,54157,26955.27778,25724.90972,52680.1875,2.8,증가
2023-09-11,4호선,명동,명동,Monday,시위,34047,35693,69740,33854.63333,35694.76,69549.39333,0.27,증가
2023-09-16,5호선,올림픽공원,올림픽공원,Saturday,행사,4507,3890,8397,2739.166667,2440,5179.166667,62.13,증가
2023-09-17,5호선,올림픽공원,올림픽공원,Sunday,행사,3415,3187,6602,3374.333333,3357,6731.333333,-1.92,감소
2023-09-23,5호선,올림픽공원,올림픽공원,Saturday,행사,9169,8808,17977,2739.166667,2440,5179.166667,247.1,증가
2023-09-24,5호선,올림픽공원,올림픽공원,Sunday,행사,6829,6699,13528,3374.333333,3357,6731.333333,100.97,증가
2023-09-25,2호선,시청,시청,Monday,시위,28912,27636,56548,26955.27778,25724.90972,52680.1875,7.34,증가
2023-10-07,5호선,올림픽공원,올림픽공원,Saturday,행사,6297,5958,12255,2739.166667,2440,5179.166667,136.62,증가
2023-10-07,2호선,종합운동장,종합운동장,Saturday,행사,19442,22081,41523,11157.85556,12532.94444,23690.8,75.27,증가
2023-10-08,2호선,종합운동장,종합운동장,Sunday,행사,17885,20860,38745,11497.52632,12325.68421,23823.21053,62.64,증가
2023-10-08,5호선,올림픽공원,올림픽공원,Sunday,행사,5235,4847,10082,3374.333333,3357,6731.333333,49.78,증가
2023-10-09,5호선,올림픽공원,올림픽공원,Monday,행사,5096,4991,10087,4923.958904,4205.315068,9129.273973,10.49,증가
2023-10-13,5호선,올림픽공원,올림픽공원,Friday,행사,7480,7037,14517,5334.41791,4560.880597,9895.298507,46.71,증가
2023-10-14,5호선,올림픽공원,올림픽공원,Saturday,행사,6456,5567,12023,2739.166667,2440,5179.166667,132.14,증가
2023-10-15,5호선,올림픽공원,올림픽공원,Sunday,행사,5880,5575,11455,3374.333333,3357,6731.333333,70.17,증가
2023-10-20,5호선,올림픽공원,올림픽공원,Friday,행사,10321,9254,19575,5334.41791,4560.880597,9895.298507,97.82,증가
2023-10-21,5호선,올림픽공원,올림픽공원,Saturday,행사,8618,8270,16888,2739.166667,2440,5179.166667,226.08,증가
2023-10-22,5호선,올림픽공원,올림픽공원,Sunday,행사,8113,7667,15780,3374.333333,3357,6731.333333,134.43,증가
2023-10-27,5호선,올림픽공원,올림픽공원,Friday,행사,8018,7891,15909,5334.41791,4560.880597,9895.298507,60.77,증가
2023-10-28,5호선,올림픽공원,올림픽공원,Saturday,행사,8303,7421,15724,2739.166667,2440,5179.166667,203.6,증가
2023-10-29,5호선,올림픽공원,올림픽공원,Sunday,행사,6537,6508,13045,3374.333333,3357,6731.333333,93.8,증가
2023-11-03,5호선,올림픽공원,올림픽공원,Friday,행사,8044,7613,15657,5334.41791,4560.880597,9895.298507,58.23,증가
2023-11-04,5호선,올림픽공원,올림픽공원,Saturday,행사,7571,6881,14452,2739.166667,2440,5179.166667,179.04,증가
2023-11-05,5호선,올림픽공원,올림픽공원,Sunday,행사,5530,5311,10841,3374.333333,3357,6731.333333,61.05,증가
2023-11-10,5호선,올림픽공원,올림픽공원,Friday,행사,6500,6586,13086,5334.41791,4560.880597,9895.298507,32.24,증가
2023-11-11,5호선,올림픽공원,올림픽공원,Saturday,행사,5267,5023,10290,2739.166667,2440,5179.166667,98.68,증가
2023-11-12,5호선,올림픽공원,올림픽공원,Sunday,행사,4141,4050,8191,3374.333333,3357,6731.333333,21.68,증가
2023-11-13,2호선,시청,시청,Monday,시위,27942,26499,54441,26955.27778,25724.90972,52680.1875,3.34,증가
2023-11-13,4호선,혜화,혜화,Monday,시위,34664,34297,68961,32751.31915,32747.31206,65498.63121,5.29,증가
2023-11-14,4호선,혜화,혜화,Tuesday,시위,38407,38228,76635,36660.19444,36548.82639,73209.02083,4.68,증가
2023-11-17,5호선,올림픽공원,올림픽공원,Friday,행사,7086,6717,13803,5334.41791,4560.880597,9895.298507,39.49,증가
2023-11-18,5호선,올림픽공원,올림픽공원,Saturday,행사,5862,5212,11074,2739.166667,2440,5179.166667,113.82,증가
2023-11-19,5호선,올림픽공원,올림픽공원,Sunday,행사,5086,4636,9722,3374.333333,3357,6731.333333,44.43,증가
2023-11-20,2호선,시청,시청,Monday,시위,28660,27165,55825,26955.27778,25724.90972,52680.1875,5.97,증가
2023-11-21,2호선,시청,시청,Tuesday,시위,30143,29094,59237,29145.64384,27907.08219,57052.72603,3.83,증가
2023-11-23,4호선,혜화,혜화,Thursday,시위,41804,41649,83453,38490.95139,38497.58333,76988.53472,8.4,증가
2023-11-24,4호선,혜화,혜화,Friday,시위,42817,42549,85366,39891.46763,39756.85612,79648.32374,7.18,증가
2023-11-24,5호선,올림픽공원,올림픽공원,Friday,행사,7331,6845,14176,5334.41791,4560.880597,9895.298507,43.26,증가
2023-11-25,5호선,올림픽공원,올림픽공원,Saturday,행사,6444,5607,12051,2739.166667,2440,5179.166667,132.68,증가
2023-11-26,5호선,올림픽공원,올림픽공원,Sunday,행사,4953,4781,9734,3374.333333,3357,6731.333333,44.61,증가
2023-11-27,2호선,종합운동장,종합운동장,Monday,행사,10642,12223,22865,8194.637584,9218.899329,17413.53691,31.31,증가
2023-11-28,2호선,종합운동장,종합운동장,Tuesday,행사,11072,13231,24303,10766.95238,11956.61111,22723.56349,6.95,증가
2023-11-30,2호선,시청,시청,Thursday,시위,30761,28745,59506,29729.20408,28537.02041,58266.22449,2.13,증가
2023-12-01,4호선,혜화,혜화,Friday,시위,41927,41864,83791,39891.46763,39756.85612,79648.32374,5.2,증가
2023-12-01,5호선,올림픽공원,올림픽공원,Friday,행사,7642,7063,14705,5334.41791,4560.880597,9895.298507,48.61,증가
2023-12-02,5호선,올림픽공원,올림픽공원,Saturday,행사,6217,5107,11324,2739.166667,2440,5179.166667,118.65,증가
2023-12-03,5호선,올림픽공원,올림픽공원,Sunday,행사,4930,4622,9552,3374.333333,3357,6731.333333,41.9,증가
2023-12-08,4호선,동대문,동대문,Friday,시위,22562,22729,45291,21523.65563,21492.60927,43016.2649,5.29,증가
2023-12-08,4호선,혜화,혜화,Friday,시위,41625,40641,82266,39891.46763,39756.85612,79648.32374,3.29,증가
2023-12-09,5호선,올림픽공원,올림픽공원,Saturday,행사,5492,4680,10172,2739.166667,2440,5179.166667,96.4,증가
2023-12-10,2호선,종합운동장,종합운동장,Sunday,행사,10386,11473,21859,11497.52632,12325.68421,23823.21053,-8.24,감소
2023-12-10,5호선,올림픽공원,올림픽공원,Sunday,행사,4563,3957,8520,3374.333333,3357,6731.333333,26.57,증가
2023-12-11,5호선,올림픽공원,올림픽공원,Monday,행사,5235,4301,9536,4923.958904,4205.315068,9129.273973,4.46,증가
2023-12-13,4호선,혜화,혜화,Wednesday,시위,44763,44502,89265,39045.08276,38949.02759,77994.11034,14.45,증가
2023-12-14,4호선,혜화,혜화,Thursday,시위,46600,46276,92876,38490.95139,38497.58333,76988.53472,20.64,증가
2023-12-15,4호선,혜화,혜화,Friday,시위,47827,47600,95427,39891.46763,39756.85612,79648.32374,19.81,증가
2023-12-15,5호선,올림픽공원,올림픽공원,Friday,행사,7844,7461,15305,5334.41791,4560.880597,9895.298507,54.67,증가
2023-12-16,2호선,종합운동장,종합운동장,Saturday,행사,11703,13314,25017,11157.85556,12532.94444,23690.8,5.6,증가
2023-12-16,5호선,올림픽공원,올림픽공원,Saturday,행사,5783,5776,11559,2739.166667,2440,5179.166667,123.18,증가
2023-12-17,2호선,종합운동장,종합운동장,Sunday,행사,7129,8162,15291,11497.52632,12325.68421,23823.21053,-35.81,감소
2023-12-17,5호선,올림픽공원,올림픽공원,Sunday,행사,5249,5036,10285,3374.333333,3357,6731.333333,52.79,증가
2023-12-22,4호선,혜화,혜화,Friday,시위,44236,44671,88907,39891.46763,39756.85612,79648.32374,11.62,증가
2023-12-22,5호선,올림픽공원,올림픽공원,Friday,행사,5056,5632,10688,5334.41791,4560.880597,9895.298507,8.01,증가
2023-12-23,2호선,종합운동장,종합운동장,Saturday,행사,11821,13639,25460,11157.85556,12532.94444,23690.8,7.47,증가
2023-12-23,5호선,올림픽공원,올림픽공원,Saturday,행사,4130,4350,8480,2739.166667,2440,5179.166667,63.73,증가
2023-12-24,5호선,올림픽공원,올림픽공원,Sunday,행사,3873,4303,8176,3374.333333,3357,6731.333333,21.46,증가
2023-12-24,2호선,종합운동장,종합운동장,Sunday,행사,11334,12304,23638,11497.52632,12325.68421,23823.21053,-0.78,감소
2023-12-25,2호선,종합운동장,종합운동장,Monday,행사,9485,10910,20395,8194.637584,9218.899329,17413.53691,17.12,증가
2023-12-29,2호선,종합운동장,종합운동장,Friday,행사,11635,12718,24353,12712.36134,13981.92437,26694.28571,-8.77,감소
2023-12-29,5호선,올림픽공원,올림픽공원,Friday,행사,7028,6704,13732,5334.41791,4560.880597,9895.298507,38.77,증가
2023-12-30,2호선,종합운동장,종합운동장,Saturday,행사,11993,12961,24954,11157.85556,12532.94444,23690.8,5.33,증가
2023-12-30,5호선,올림픽공원,올림픽공원,Saturday,행사,7301,5791,13092,2739.166667,2440,5179.166667,152.78,증가
2023-12-31,2호선,종합운동장,종합운동장,Sunday,행사,10994,12086,23080,11497.52632,12325.68421,23823.21053,-3.12,감소
2023-12-31,5호선,올림픽공원,올림픽공원,Sunday,행사,3637,3723,7360,3374.333333,3357,6731.333333,9.34,증가
2024-01-02,4호선,혜화,혜화,Tuesday,시위,32014,32488,64502,36660.19444,36548.82639,73209.02083,-11.89,감소
2024-01-05,4호선,혜화,혜화,Friday,시위,37822,38368,76190,39891.46763,39756.85612,79648.32374,-4.34,감소
2024-01-13,5호선,올림픽공원,올림픽공원,Saturday,행사,3591,3015,6606,2739.166667,2440,5179.166667,27.55,증가
2024-01-13,2호선,종합운동장,종합운동장,Saturday,행사,8179,9062,17241,11157.85556,12532.94444,23690.8,-27.22,감소
2024-01-14,2호선,종합운동장,종합운동장,Sunday,행사,7317,7694,15011,11497.52632,12325.68421,23823.21053,-36.99,감소
2024-01-14,5호선,올림픽공원,올림픽공원,Sunday,행사,2380,2022,4402,3374.333333,3357,6731.333333,-34.6,감소
2024-01-19,2호선,종합운동장,종합운동장,Friday,행사,11329,12584,23913,12712.36134,13981.92437,26694.28571,-10.42,감소
2024-01-20,5호선,올림픽공원,올림픽공원,Saturday,행사,3693,3750,7443,2739.166667,2440,5179.166667,43.71,증가
2024-01-21,5호선,올림픽공원,올림픽공원,Sunday,행사,2518,2190,4708,3374.333333,3357,6731.333333,-30.06,감소
2024-01-22,2호선,시청,시청,Monday,시위,28439,27156,55595,26955.27778,25724.90972,52680.1875,5.53,증가
2024-01-22,4호선,동대문,동대문,Monday,시위,19715,20200,39915,20618.03974,21098.48344,41716.52318,-4.32,감소
2024-01-22,4호선,혜화,혜화,Monday,시위,32142,31860,64002,32751.31915,32747.31206,65498.63121,-2.28,감소
2024-01-24,4호선,혜화,혜화,Wednesday,시위,36369,35970,72339,39045.08276,38949.02759,77994.11034,-7.25,감소
2024-01-26,5호선,올림픽공원,올림픽공원,Friday,행사,4652,4080,8732,5334.41791,4560.880597,9895.298507,-11.76,감소
2024-01-27,5호선,올림픽공원,올림픽공원,Saturday,행사,5256,4943,10199,2739.166667,2440,5179.166667,96.92,증가
2024-01-27,2호선,종합운동장,종합운동장,Saturday,행사,11224,12518,23742,11157.85556,12532.94444,23690.8,0.22,증가
2024-01-28,2호선,종합운동장,종합운동장,Sunday,행사,8087,9091,17178,11497.52632,12325.68421,23823.21053,-27.89,감소
2024-01-28,5호선,올림픽공원,올림픽공원,Sunday,행사,4250,4193,8443,3374.333333,3357,6731.333333,25.43,증가
2024-02-02,4호선,혜화,혜화,Friday,시위,38410,38733,77143,39891.46763,39756.85612,79648.32374,-3.15,감소
2024-02-03,5호선,올림픽공원,올림픽공원,Saturday,행사,5086,4418,9504,2739.166667,2440,5179.166667,83.5,증가
2024-02-04,5호선,올림픽공원,올림픽공원,Sunday,행사,4533,4125,8658,3374.333333,3357,6731.333333,28.62,증가
2024-02-06,4호선,서울,서울,Tuesday,시위,13769,22488,36257,13570.12245,21557.77551,35127.89796,3.21,증가
2024-02-17,2호선,종합운동장,종합운동장,Saturday,행사,7407,8320,15727,11157.85556,12532.94444,23690.8,-33.62,감소
2024-02-17,5호선,올림픽공원,올림픽공원,Saturday,행사,4747,4203,8950,2739.166667,2440,5179.166667,72.81,증가
2024-02-18,5호선,올림픽공원,올림픽공원,Sunday,행사,3586,3471,7057,3374.333333,3357,6731.333333,4.84,증가
2024-02-23,5호선,올림픽공원,올림픽공원,Friday,행사,7151,6916,14067,5334.41791,4560.880597,9895.298507,42.16,증가
2024-02-24,2호선,종합운동장,종합운동장,Saturday,행사,8534,9538,18072,11157.85556,12532.94444,23690.8,-23.72,감소
2024-02-24,5호선,올림픽공원,올림픽공원,Saturday,행사,6581,6773,13354,2739.166667,2440,5179.166667,157.84,증가
2024-02-25,2호선,종합운동장,종합운동장,Sunday,행사,7410,8222,15632,11497.52632,12325.68421,23823.21053,-34.38,감소
2024-02-25,5호선,올림픽공원,올림픽공원,Sunday,행사,5412,6162,11574,3374.333333,3357,6731.333333,71.94,증가
2024-03-02,5호선,올림픽공원,올림픽공원,Saturday,행사,6893,6483,13376,2739.166667,2440,5179.166667,158.27,증가
2024-03-03,5호선,올림픽공원,올림픽공원,Sunday,행사,6339,6329,12668,3374.333333,3357,6731.333333,88.19,증가
2024-03-09,5호선,올림픽공원,올림픽공원,Saturday,행사,7331,6939,14270,2739.166667,2440,5179.166667,175.53,증가
2024-03-10,5호선,올림픽공원,올림픽공원,Sunday,행사,6604,6210,12814,3374.333333,3357,6731.333333,90.36,증가
2024-03-15,5호선,올림픽공원,올림픽공원,Friday,행사,6069,5093,11162,5334.41791,4560.880597,9895.298507,12.8,증가
2024-03-16,5호선,올림픽공원,올림픽공원,Saturday,행사,7530,7794,15324,2739.166667,2440,5179.166667,195.88,증가
2024-03-17,5호선,올림픽공원,올림픽공원,Sunday,행사,6139,6944,13083,3374.333333,3357,6731.333333,94.36,증가
2024-03-22,5호선,올림픽공원,올림픽공원,Friday,행사,6748,6013,12761,5334.41791,4560.880597,9895.298507,28.96,증가
2024-03-23,5호선,올림픽공원,올림픽공원,Saturday,행사,5160,4789,9949,2739.166667,2440,5179.166667,92.1,증가
2024-03-24,5호선,올림픽공원,올림픽공원,Sunday,행사,4370,4349,8719,3374.333333,3357,6731.333333,29.53,증가
2024-03-27,2호선,시청,시청,Wednesday,시위,32081,29954,62035,29416.08609,28111.23179,57527.31788,7.84,증가
2024-03-30,5호선,올림픽공원,올림픽공원,Saturday,행사,7287,7170,14457,2739.166667,2440,5179.166667,179.14,증가
2024-03-31,5호선,올림픽공원,올림픽공원,Sunday,행사,5914,6635,12549,3374.333333,3357,6731.333333,86.43,증가
2024-04-06,5호선,올림픽공원,올림픽공원,Saturday,행사,4611,4447,9058,2739.166667,2440,5179.166667,74.89,증가
2024-04-07,5호선,올림픽공원,올림픽공원,Sunday,행사,3702,3661,7363,3374.333333,3357,6731.333333,9.38,증가
2024-04-12,2호선,종합운동장,종합운동장,Friday,행사,25623,29908,55531,12712.36134,13981.92437,26694.28571,108.03,증가
2024-04-13,2호선,종합운동장,종합운동장,Saturday,행사,24413,28723,53136,11157.85556,12532.94444,23690.8,124.29,증가
2024-04-13,5호선,올림픽공원,올림픽공원,Saturday,행사,6535,6732,13267,2739.166667,2440,5179.166667,156.16,증가
2024-04-14,5호선,올림픽공원,올림픽공원,Sunday,행사,5663,5831,11494,3374.333333,3357,6731.333333,70.75,증가
2024-04-14,2호선,종합운동장,종합운동장,Sunday,행사,22124,25141,47265,11497.52632,12325.68421,23823.21053,98.4,증가
2024-04-19,5호선,올림픽공원,올림픽공원,Friday,행사,5905,4971,10876,5334.41791,4560.880597,9895.298507,9.91,증가
2024-04-20,5호선,올림픽공원,올림픽공원,Saturday,행사,5226,4690,9916,2739.166667,2440,5179.166667,91.46,증가
2024-04-21,5호선,올림픽공원,올림픽공원,Sunday,행사,3872,3514,7386,3374.333333,3357,6731.333333,9.73,증가
2024-04-27,2호선,종합운동장,종합운동장,Saturday,행사,21085,25609,46694,11157.85556,12532.94444,23690.8,97.1,증가
2024-04-27,5호선,올림픽공원,올림픽공원,Saturday,행사,5412,5530,10942,2739.166667,2440,5179.166667,111.27,증가
2024-04-28,2호선,종합운동장,종합운동장,Sunday,행사,19736,22904,42640,11497.52632,12325.68421,23823.21053,78.99,증가
2024-04-28,5호선,올림픽공원,올림픽공원,Sunday,행사,4465,4596,9061,3374.333333,3357,6731.333333,34.61,증가
2024-04-30,5호선,올림픽공원,올림픽공원,Tuesday,행사,5978,5046,11024,5070.673611,4315.652778,9386.326389,17.45,증가
2024-05-03,5호선,올림픽공원,올림픽공원,Friday,행사,9125,8752,17877,5334.41791,4560.880597,9895.298507,80.66,증가
2024-05-04,5호선,올림픽공원,올림픽공원,Saturday,행사,7396,7288,14684,2739.166667,2440,5179.166667,183.52,증가
2024-05-04,2호선,종합운동장,종합운동장,Saturday,행사,21398,24618,46016,11157.85556,12532.94444,23690.8,94.24,증가
2024-05-05,2호선,종합운동장,종합운동장,Sunday,행사,8385,9233,17618,11497.52632,12325.68421,23823.21053,-26.05,감소
2024-05-05,5호선,올림픽공원,올림픽공원,Sunday,행사,5593,5508,11101,3374.333333,3357,6731.333333,64.92,증가
2024-05-10,5호선,올림픽공원,올림픽공원,Friday,행사,8583,7975,16558,5334.41791,4560.880597,9895.298507,67.33,증가
2024-05-11,5호선,올림픽공원,올림픽공원,Saturday,행사,8794,8082,16876,2739.166667,2440,5179.166667,225.84,증가
2024-05-12,5호선,올림픽공원,올림픽공원,Sunday,행사,8497,7673,16170,3374.333333,3357,6731.333333,140.22,증가
2024-05-18,5호선,올림픽공원,올림픽공원,Saturday,행사,4540,3928,8468,2739.166667,2440,5179.166667,63.5,증가
2024-05-19,5호선,올림픽공원,올림픽공원,Sunday,행사,3749,3438,7187,3374.333333,3357,6731.333333,6.77,증가
2024-05-23,5호선,올림픽공원,올림픽공원,Thursday,행사,8565,6575,15140,5183.440559,4403.132867,9586.573427,57.93,증가
2024-05-24,5호선,올림픽공원,올림픽공원,Friday,행사,8181,6231,14412,5334.41791,4560.880597,9895.298507,45.64,증가
2024-05-25,5호선,올림픽공원,올림픽공원,Saturday,행사,6112,5156,11268,2739.166667,2440,5179.166667,117.56,증가
2024-05-26,5호선,올림픽공원,올림픽공원,Sunday,행사,4336,3494,7830,3374.333333,3357,6731.333333,16.32,증가
2024-05-31,5호선,올림픽공원,올림픽공원,Friday,행사,10959,8579,19538,5334.41791,4560.880597,9895.298507,97.45,증가
2024-06-01,5호선,올림픽공원,올림픽공원,Saturday,행사,7563,7247,14810,2739.166667,2440,5179.166667,185.95,증가
2024-06-02,5호선,올림픽공원,올림픽공원,Sunday,행사,6333,6036,12369,3374.333333,3357,6731.333333,83.75,증가
2024-06-08,5호선,올림픽공원,올림픽공원,Saturday,행사,6688,6084,12772,2739.166667,2440,5179.166667,146.6,증가
2024-06-09,5호선,올림픽공원,올림픽공원,Sunday,행사,5798,5472,11270,3374.333333,3357,6731.333333,67.43,증가
2024-06-15,5호선,올림픽공원,올림픽공원,Saturday,행사,7059,6776,13835,2739.166667,2440,5179.166667,167.13,증가
2024-06-16,5호선,올림픽공원,올림픽공원,Sunday,행사,5550,5584,11134,3374.333333,3357,6731.333333,65.41,증가
2024-06-22,5호선,올림픽공원,올림픽공원,Saturday,행사,9908,9526,19434,2739.166667,2440,5179.166667,275.23,증가
2024-06-23,5호선,올림픽공원,올림픽공원,Sunday,행사,7147,7192,14339,3374.333333,3357,6731.333333,113.02,증가
2024-06-29,2호선,종합운동장,종합운동장,Saturday,행사,21502,23146,44648,11157.85556,12532.94444,23690.8,88.46,증가
2024-06-29,5호선,올림픽공원,올림픽공원,Saturday,행사,6785,6049,12834,2739.166667,2440,5179.166667,147.8,증가
2024-06-30,5호선,올림픽공원,올림픽공원,Sunday,행사,4263,4187,8450,3374.333333,3357,6731.333333,25.53,증가
2024-06-30,2호선,종합운동장,종합운동장,Sunday,행사,15803,17421,33224,11497.52632,12325.68421,23823.21053,39.46,증가
2024-07-06,5호선,올림픽공원,올림픽공원,Saturday,행사,4484,3872,8356,2739.166667,2440,5179.166667,61.34,증가
2024-07-12,5호선,올림픽공원,올림픽공원,Friday,행사,11751,9531,21282,5334.41791,4560.880597,9895.298507,115.07,증가
2024-07-13,5호선,올림픽공원,올림픽공원,Saturday,행사,7164,7085,14249,2739.166667,2440,5179.166667,175.12,증가
2024-07-14,5호선,올림픽공원,올림픽공원,Sunday,행사,5636,5775,11411,3374.333333,3357,6731.333333,69.52,증가
2024-07-20,5호선,올림픽공원,올림픽공원,Saturday,행사,5276,4743,10019,2739.166667,2440,5179.166667,93.45,증가
2024-07-21,5호선,올림픽공원,올림픽공원,Sunday,행사,4240,4021,8261,3374.333333,3357,6731.333333,22.72,증가
2024-07-27,5호선,올림픽공원,올림픽공원,Saturday,행사,6845,7554,14399,2739.166667,2440,5179.166667,178.02,증가
2024-07-28,5호선,올림픽공원,올림픽공원,Sunday,행사,5295,6672,11967,3374.333333,3357,6731.333333,77.78,증가
2024-08-02,5호선,올림픽공원,올림픽공원,Friday,행사,5670,5102,10772,5334.41791,4560.880597,9895.298507,8.86,증가
2024-08-03,5호선,올림픽공원,올림픽공원,Saturday,행사,6096,6247,12343,2739.166667,2440,5179.166667,138.32,증가
2024-08-04,5호선,올림픽공원,올림픽공원,Sunday,행사,5206,5710,10916,3374.333333,3357,6731.333333,62.17,증가
2024-08-10,5호선,올림픽공원,올림픽공원,Saturday,행사,5244,4865,10109,2739.166667,2440,5179.166667,95.19,증가
2024-08-11,5호선,올림픽공원,올림픽공원,Sunday,행사,3906,3931,7837,3374.333333,3357,6731.333333,16.43,증가
2024-08-15,5호선,올림픽공원,올림픽공원,Thursday,행사,4989,6179,11168,5183.440559,4403.132867,9586.573427,16.5,증가
2024-08-17,5호선,올림픽공원,올림픽공원,Saturday,행사,3292,2842,6134,2739.166667,2440,5179.166667,18.44,증가
2024-08-18,5호선,올림픽공원,올림픽공원,Sunday,행사,3436,3211,6647,3374.333333,3357,6731.333333,-1.25,감소
2024-08-20,2호선,종합운동장,종합운동장,Tuesday,행사,16709,18844,35553,10766.95238,11956.61111,22723.56349,56.46,증가
2024-08-22,2호선,종합운동장,종합운동장,Thursday,행사,16491,18628,35119,11805.44444,12971.3254,24776.76984,41.74,증가
2024-08-23,5호선,올림픽공원,올림픽공원,Friday,행사,6087,5240,11327,5334.41791,4560.880597,9895.298507,14.47,증가
2024-08-24,2호선,종합운동장,종합운동장,Saturday,행사,22326,25367,47693,11157.85556,12532.94444,23690.8,101.31,증가
2024-08-24,5호선,올림픽공원,올림픽공원,Saturday,행사,7481,7237,14718,2739.166667,2440,5179.166667,184.18,증가
2024-08-25,5호선,올림픽공원,올림픽공원,Sunday,행사,6691,6623,13314,3374.333333,3357,6731.333333,97.79,증가
2024-08-31,5호선,올림픽공원,올림픽공원,Saturday,행사,6564,6918,13482,2739.166667,2440,5179.166667,160.31,증가
2024-08-31,2호선,종합운동장,종합운동장,Saturday,행사,21359,24369,45728,11157.85556,12532.94444,23690.8,93.02,증가
2024-09-01,2호선,종합운동장,종합운동장,Sunday,행사,19731,22916,42647,11497.52632,12325.68421,23823.21053,79.01,증가
2024-09-01,5호선,올림픽공원,올림픽공원,Sunday,행사,5787,6248,12035,3374.333333,3357,6731.333333,78.79,증가
2024-09-06,5호선,올림픽공원,올림픽공원,Friday,행사,5745,4812,10557,5334.41791,4560.880597,9895.298507,6.69,증가
2024-09-07,2호선,종합운동장,종합운동장,Saturday,행사,20839,24355,45194,11157.85556,12532.94444,23690.8,90.77,증가
2024-09-07,5호선,올림픽공원,올림픽공원,Saturday,행사,6670,6047,12717,2739.166667,2440,5179.166667,145.54,증가
2024-09-08,2호선,종합운동장,종합운동장,Sunday,행사,20033,22795,42828,11497.52632,12325.68421,23823.21053,79.77,증가
2024-09-08,5호선,올림픽공원,올림픽공원,Sunday,행사,5153,4751,9904,3374.333333,3357,6731.333333,47.13,증가
2024-09-13,5호선,올림픽공원,올림픽공원,Friday,행사,7881,7029,14910,5334.41791,4560.880597,9895.298507,50.68,증가
2024-09-14,5호선,올림픽공원,올림픽공원,Saturday,행사,5546,5725,11271,2739.166667,2440,5179.166667,117.62,증가
2024-09-15,5호선,올림픽공원,올림픽공원,Sunday,행사,4979,5075,10054,3374.333333,3357,6731.333333,49.36,증가
2024-09-20,2호선,종합운동장,종합운동장,Friday,행사,11634,13511,25145,12712.36134,13981.92437,26694.28571,-5.8,감소
2024-09-20,5호선,올림픽공원,올림픽공원,Friday,행사,7822,7194,15016,5334.41791,4560.880597,9895.298507,51.75,증가
2024-09-21,2호선,종합운동장,종합운동장,Saturday,행사,26637,31992,58629,11157.85556,12532.94444,23690.8,147.48,증가
2024-09-21,5호선,올림픽공원,올림픽공원,Saturday,행사,6837,6641,13478,2739.166667,2440,5179.166667,160.23,증가
2024-09-22,5호선,올림픽공원,올림픽공원,Sunday,행사,6509,5822,12331,3374.333333,3357,6731.333333,83.19,증가
2024-09-24,5호선,올림픽공원,올림픽공원,Tuesday,행사,5807,4964,10771,5070.673611,4315.652778,9386.326389,14.75,증가
2024-09-27,5호선,올림픽공원,올림픽공원,Friday,행사,7450,7453,14903,5334.41791,4560.880597,9895.298507,50.61,증가
2024-09-28,5호선,올림픽공원,올림픽공원,Saturday,행사,7014,7206,14220,2739.166667,2440,5179.166667,174.56,증가
2024-09-29,5호선,올림픽공원,올림픽공원,Sunday,행사,5908,6292,12200,3374.333333,3357,6731.333333,81.24,증가
2024-09-30,4호선,혜화,혜화,Monday,시위,35045,35074,70119,32751.31915,32747.31206,65498.63121,7.05,증가
2024-10-04,5호선,올림픽공원,올림픽공원,Friday,행사,5697,5221,10918,5334.41791,4560.880597,9895.298507,10.34,증가
2024-10-05,5호선,올림픽공원,올림픽공원,Saturday,행사,5284,5036,10320,2739.166667,2440,5179.166667,99.26,증가
2024-10-05,2호선,종합운동장,종합운동장,Saturday,행사,23528,27932,51460,11157.85556,12532.94444,23690.8,117.22,증가
2024-10-06,2호선,종합운동장,종합운동장,Sunday,행사,22371,25870,48241,11497.52632,12325.68421,23823.21053,102.5,증가
2024-10-06,5호선,올림픽공원,올림픽공원,Sunday,행사,3691,3416,7107,3374.333333,3357,6731.333333,5.58,증가
2024-10-11,2호선,종합운동장,종합운동장,Friday,행사,24652,29871,54523,12712.36134,13981.92437,26694.28571,104.25,증가
2024-10-11,5호선,올림픽공원,올림픽공원,Friday,행사,6658,5813,12471,5334.41791,4560.880597,9895.298507,26.03,증가
2024-10-12,2호선,종합운동장,종합운동장,Saturday,행사,9257,10620,19877,11157.85556,12532.94444,23690.8,-16.1,감소
2024-10-12,5호선,올림픽공원,올림픽공원,Saturday,행사,5929,5514,11443,2739.166667,2440,5179.166667,120.94,증가
2024-10-13,2호선,종합운동장,종합운동장,Sunday,행사,7737,9281,17018,11497.52632,12325.68421,23823.21053,-28.57,감소
2024-10-13,5호선,올림픽공원,올림픽공원,Sunday,행사,4388,4055,8443,3374.333333,3357,6731.333333,25.43,증가
2024-10-14,5호선,올림픽공원,올림픽공원,Monday,행사,5356,4615,9971,4923.958904,4205.315068,9129.273973,9.22,증가
2024-10-15,5호선,올림픽공원,올림픽공원,Tuesday,행사,5825,5031,10856,5070.673611,4315.652778,9386.326389,15.66,증가
2024-10-16,5호선,올림픽공원,올림픽공원,Wednesday,행사,6058,5425,11483,5146.549669,4367.907285,9514.456954,20.69,증가
2024-10-17,5호선,올림픽공원,올림픽공원,Thursday,행사,5919,5267,11186,5183.440559,4403.132867,9586.573427,16.68,증가
2024-10-18,5호선,올림픽공원,올림픽공원,Friday,행사,5721,4820,10541,5334.41791,4560.880597,9895.298507,6.53,증가
2024-10-19,5호선,올림픽공원,올림픽공원,Saturday,행사,5024,4536,9560,2739.166667,2440,5179.166667,84.59,증가
2024-10-25,5호선,올림픽공원,올림픽공원,Friday,행사,6437,5680,12117,5334.41791,4560.880597,9895.298507,22.45,증가
2024-10-26,5호선,올림픽공원,올림픽공원,Saturday,행사,8099,8050,16149,2739.166667,2440,5179.166667,211.81,증가
2024-10-27,5호선,올림픽공원,올림픽공원,Sunday,행사,5958,6322,12280,3374.333333,3357,6731.333333,82.43,증가
2024-11-01,5호선,올림픽공원,올림픽공원,Friday,행사,9049,9265,18314,5334.41791,4560.880597,9895.298507,85.08,증가
2024-11-02,5호선,올림픽공원,올림픽공원,Saturday,행사,8908,9488,18396,2739.166667,2440,5179.166667,255.19,증가
2024-11-03,5호선,올림픽공원,올림픽공원,Sunday,행사,7938,9719,17657,3374.333333,3357,6731.333333,162.31,증가
2024-11-08,5호선,올림픽공원,올림픽공원,Friday,행사,7283,7096,14379,5334.41791,4560.880597,9895.298507,45.31,증가
2024-11-09,5호선,올림픽공원,올림픽공원,Saturday,행사,6102,6196,12298,2739.166667,2440,5179.166667,137.45,증가
2024-11-10,5호선,올림픽공원,올림픽공원,Sunday,행사,5598,5379,10977,3374.333333,3357,6731.333333,63.07,증가
2024-11-15,5호선,올림픽공원,올림픽공원,Friday,행사,6729,6073,12802,5334.41791,4560.880597,9895.298507,29.37,증가
2024-11-16,5호선,올림픽공원,올림픽공원,Saturday,행사,6010,4884,10894,2739.166667,2440,5179.166667,110.34,증가
2024-11-17,5호선,올림픽공원,올림픽공원,Sunday,행사,4656,4200,8856,3374.333333,3357,6731.333333,31.56,증가
2024-11-23,5호선,올림픽공원,올림픽공원,Saturday,행사,5272,4870,10142,2739.166667,2440,5179.166667,95.82,증가
2024-11-24,5호선,올림픽공원,올림픽공원,Sunday,행사,4299,4113,8412,3374.333333,3357,6731.333333,24.97,증가
2024-11-30,5호선,올림픽공원,올림픽공원,Saturday,행사,5649,4550,10199,2739.166667,2440,5179.166667,96.92,증가
2024-12-01,5호선,올림픽공원,올림픽공원,Sunday,행사,4899,4030,8929,3374.333333,3357,6731.333333,32.65,증가
2024-12-03,4호선,혜화,혜화,Tuesday,시위,38649,38518,77167,36660.19444,36548.82639,73209.02083,5.41,증가
2024-12-06,5호선,올림픽공원,올림픽공원,Friday,행사,6780,6388,13168,5334.41791,4560.880597,9895.298507,33.07,증가
2024-12-07,5호선,올림픽공원,올림픽공원,Saturday,행사,5475,5082,10557,2739.166667,2440,5179.166667,103.84,증가
2024-12-08,5호선,올림픽공원,올림픽공원,Sunday,행사,4442,4403,8845,3374.333333,3357,6731.333333,31.4,증가
2024-12-13,5호선,올림픽공원,올림픽공원,Friday,행사,6595,5379,11974,5334.41791,4560.880597,9895.298507,21.01,증가
2024-12-14,5호선,올림픽공원,올림픽공원,Saturday,행사,5290,4137,9427,2739.166667,2440,5179.166667,82.02,증가
2024-12-15,5호선,올림픽공원,올림픽공원,Sunday,행사,3791,3302,7093,3374.333333,3357,6731.333333,5.37,증가
2024-12-20,5호선,올림픽공원,올림픽공원,Friday,행사,6960,6311,13271,5334.41791,4560.880597,9895.298507,34.11,증가
2024-12-21,5호선,올림픽공원,올림픽공원,Saturday,행사,5202,4653,9855,2739.166667,2440,5179.166667,90.28,증가
2024-12-22,5호선,올림픽공원,올림픽공원,Sunday,행사,4082,3657,7739,3374.333333,3357,6731.333333,14.97,증가
2024-12-27,5호선,올림픽공원,올림픽공원,Friday,행사,7404,6908,14312,5334.41791,4560.880597,9895.298507,44.63,증가
2024-12-28,2호선,종합운동장,종합운동장,Saturday,행사,8785,9370,18155,11157.85556,12532.94444,23690.8,-23.37,감소
2024-12-28,5호선,올림픽공원,올림픽공원,Saturday,행사,6594,5179,11773,2739.166667,2440,5179.166667,127.31,증가
2024-12-29,5호선,올림픽공원,올림픽공원,Sunday,행사,5118,4323,9441,3374.333333,3357,6731.333333,40.25,증가
2024-12-29,2호선,종합운동장,종합운동장,Sunday,행사,8153,9076,17229,11497.52632,12325.68421,23823.21053,-27.68,감소
2024-12-31,5호선,올림픽공원,올림픽공원,Tuesday,행사,5453,5289,10742,5070.673611,4315.652778,9386.326389,14.44,증가
2025-01-10,5호선,올림픽공원,올림픽공원,Friday,행사,6153,5062,11215,5334.41791,4560.880597,9895.298507,13.34,증가
2025-01-11,5호선,올림픽공원,올림픽공원,Saturday,행사,6540,5110,11650,2739.166667,2440,5179.166667,124.94,증가
2025-01-12,5호선,올림픽공원,올림픽공원,Sunday,행사,5788,4651,10439,3374.333333,3357,6731.333333,55.08,증가
2025-01-17,5호선,올림픽공원,올림픽공원,Friday,행사,5082,4385,9467,5334.41791,4560.880597,9895.298507,-4.33,감소
2025-01-18,5호선,올림픽공원,올림픽공원,Saturday,행사,4923,4646,9569,2739.166667,2440,5179.166667,84.76,증가
2025-01-19,5호선,올림픽공원,올림픽공원,Sunday,행사,4520,4055,8575,3374.333333,3357,6731.333333,27.39,증가
2025-01-25,5호선,올림픽공원,올림픽공원,Saturday,행사,4835,4688,9523,2739.166667,2440,5179.166667,83.87,증가
2025-01-26,5호선,올림픽공원,올림픽공원,Sunday,행사,4175,3986,8161,3374.333333,3357,6731.333333,21.24,증가
2025-01-31,5호선,올림픽공원,올림픽공원,Friday,행사,5615,5378,10993,5334.41791,4560.880597,9895.298507,11.09,증가
2025-02-01,5호선,올림픽공원,올림픽공원,Saturday,행사,5073,4953,10026,2739.166667,2440,5179.166667,93.58,증가
2025-02-02,5호선,올림픽공원,올림픽공원,Sunday,행사,4690,4722,9412,3374.333333,3357,6731.333333,39.82,증가
2025-02-07,5호선,올림픽공원,올림픽공원,Friday,행사,5497,4490,9987,5334.41791,4560.880597,9895.298507,0.93,증가
2025-02-08,5호선,올림픽공원,올림픽공원,Saturday,행사,5224,4184,9408,2739.166667,2440,5179.166667,81.65,증가
2025-02-09,5호선,올림픽공원,올림픽공원,Sunday,행사,4601,3723,8324,3374.333333,3357,6731.333333,23.66,증가
2025-02-14,5호선,올림픽공원,올림픽공원,Friday,행사,6111,5134,11245,5334.41791,4560.880597,9895.298507,13.64,증가
2025-02-15,5호선,올림픽공원,올림픽공원,Saturday,행사,5244,4610,9854,2739.166667,2440,5179.166667,90.26,증가
2025-02-16,5호선,올림픽공원,올림픽공원,Sunday,행사,4157,3964,8121,3374.333333,3357,6731.333333,20.64,증가
2025-02-21,5호선,올림픽공원,올림픽공원,Friday,행사,5203,4435,9638,5334.41791,4560.880597,9895.298507,-2.6,감소
2025-02-22,5호선,올림픽공원,올림픽공원,Saturday,행사,4761,4193,8954,2739.166667,2440,5179.166667,72.88,증가
2025-02-23,5호선,올림픽공원,올림픽공원,Sunday,행사,3655,3436,7091,3374.333333,3357,6731.333333,5.34,증가
2025-02-28,5호선,올림픽공원,올림픽공원,Friday,행사,8319,8368,16687,5334.41791,4560.880597,9895.298507,68.64,증가
2025-03-01,5호선,올림픽공원,올림픽공원,Saturday,행사,6767,7160,13927,2739.166667,2440,5179.166667,168.9,증가
2025-03-02,5호선,올림픽공원,올림픽공원,Sunday,행사,5501,5912,11413,3374.333333,3357,6731.333333,69.55,증가
2025-03-06,4호선,혜화,혜화,Thursday,시위,39214,38472,77686,38490.95139,38497.58333,76988.53472,0.91,증가
2025-03-06,5호선,올림픽공원,올림픽공원,Thursday,행사,5654,4908,10562,5183.440559,4403.132867,9586.573427,10.17,증가
2025-03-07,4호선,혜화,혜화,Friday,시위,40760,40104,80864,39891.46763,39756.85612,79648.32374,1.53,증가
2025-03-07,5호선,올림픽공원,올림픽공원,Friday,행사,7508,7544,15052,5334.41791,4560.880597,9895.298507,52.11,증가
2025-03-08,2호선,종합운동장,종합운동장,Saturday,행사,8988,10356,19344,11157.85556,12532.94444,23690.8,-18.35,감소
2025-03-08,5호선,올림픽공원,올림픽공원,Saturday,행사,6055,5778,11833,2739.166667,2440,5179.166667,128.47,증가
2025-03-09,5호선,올림픽공원,올림픽공원,Sunday,행사,4909,4895,9804,3374.333333,3357,6731.333333,45.65,증가
2025-03-09,2호선,종합운동장,종합운동장,Sunday,행사,9962,11815,21777,11497.52632,12325.68421,23823.21053,-8.59,감소
2025-03-15,5호선,올림픽공원,올림픽공원,Saturday,행사,6926,6408,13334,2739.166667,2440,5179.166667,157.45,증가
2025-03-16,5호선,올림픽공원,올림픽공원,Sunday,행사,6222,5582,11804,3374.333333,3357,6731.333333,75.36,증가
2025-03-21,5호선,올림픽공원,올림픽공원,Friday,행사,6738,5807,12545,5334.41791,4560.880597,9895.298507,26.78,증가
2025-03-22,2호선,종합운동장,종합운동장,Saturday,야구,18335,22509,40844,11157.85556,12532.94444,23690.8,72.4,증가
2025-03-22,5호선,올림픽공원,올림픽공원,Saturday,행사,7758,7082,14840,2739.166667,2440,5179.166667,186.53,증가
2025-03-23,2호선,종합운동장,종합운동장,Sunday,야구,16213,21352,37565,11497.52632,12325.68421,23823.21053,57.68,증가
2025-03-23,5호선,올림픽공원,올림픽공원,Sunday,행사,6486,6762,13248,3374.333333,3357,6731.333333,96.81,증가
2025-03-25,2호선,종합운동장,종합운동장,Tuesday,야구,21855,24610,46465,10766.95238,11956.61111,22723.56349,104.48,증가
2025-03-26,2호선,종합운동장,종합운동장,Wednesday,야구,22076,25573,47649,11404.5969,12502.57364,23907.17054,99.31,증가
2025-03-27,2호선,종합운동장,종합운동장,Thursday,야구,22172,24272,46444,11805.44444,12971.3254,24776.76984,87.45,증가
2025-03-28,2호선,종합운동장,종합운동장,Friday,야구,25290,29432,54722,12712.36134,13981.92437,26694.28571,105,증가
2025-03-28,5호선,올림픽공원,올림픽공원,Friday,행사,5777,5000,10777,5334.41791,4560.880597,9895.298507,8.91,증가
2025-03-29,5호선,올림픽공원,올림픽공원,Saturday,행사,5043,4165,9208,2739.166667,2440,5179.166667,77.79,증가
2025-03-29,2호선,종합운동장,종합운동장,Saturday,야구,26878,28565,55443,11157.85556,12532.94444,23690.8,134.03,증가
2025-03-30,2호선,종합운동장,종합운동장,Sunday,야구,19268,22465,41733,11497.52632,12325.68421,23823.21053,75.18,증가
2025-03-30,5호선,올림픽공원,올림픽공원,Sunday,행사,4067,3553,7620,3374.333333,3357,6731.333333,13.2,증가
2025-04-02,2호선,종합운동장,종합운동장,Wednesday,야구,13765,14792,28557,11404.5969,12502.57364,23907.17054,19.45,증가
2025-04-03,2호선,종합운동장,종합운동장,Thursday,야구,14264,15639,29903,11805.44444,12971.3254,24776.76984,20.69,증가
2025-04-04,2호선,종합운동장,종합운동장,Friday,야구,22398,25448,47846,12712.36134,13981.92437,26694.28571,79.24,증가
2025-04-05,5호선,올림픽공원,올림픽공원,Saturday,행사,5556,5385,10941,2739.166667,2440,5179.166667,111.25,증가
2025-04-06,2호선,종합운동장,종합운동장,Sunday,야구,18852,22065,40917,11497.52632,12325.68421,23823.21053,71.75,증가
2025-04-06,5호선,올림픽공원,올림픽공원,Sunday,행사,5595,5626,11221,3374.333333,3357,6731.333333,66.7,증가
2025-04-08,4호선,혜화,혜화,Tuesday,시위,40090,39644,79734,36660.19444,36548.82639,73209.02083,8.91,증가
2025-04-08,2호선,종합운동장,종합운동장,Tuesday,야구,23787,26176,49963,10766.95238,11956.61111,22723.56349,119.87,증가
2025-04-09,2호선,종합운동장,종합운동장,Wednesday,야구,20743,23390,44133,11404.5969,12502.57364,23907.17054,84.6,증가
2025-04-10,2호선,종합운동장,종합운동장,Thursday,야구,21965,24515,46480,11805.44444,12971.3254,24776.76984,87.6,증가
2025-04-11,2호선,종합운동장,종합운동장,Friday,야구,21647,26064,47711,12712.36134,13981.92437,26694.28571,78.73,증가
2025-04-12,2호선,종합운동장,종합운동장,Saturday,야구,17205,19479,36684,11157.85556,12532.94444,23690.8,54.84,증가
2025-04-12,5호선,올림픽공원,올림픽공원,Saturday,행사,6132,5625,11757,2739.166667,2440,5179.166667,127.01,증가
2025-04-13,2호선,종합운동장,종합운동장,Sunday,야구,16561,18347,34908,11497.52632,12325.68421,23823.21053,46.53,증가
2025-04-13,5호선,올림픽공원,올림픽공원,Sunday,행사,4531,4620,9151,3374.333333,3357,6731.333333,35.95,증가
2025-04-15,2호선,종합운동장,종합운동장,Tuesday,야구,21348,24122,45470,10766.95238,11956.61111,22723.56349,100.1,증가
2025-04-16,2호선,종합운동장,종합운동장,Wednesday,야구,21436,24247,45683,11404.5969,12502.57364,23907.17054,91.08,증가
2025-04-17,2호선,종합운동장,종합운동장,Thursday,야구,22271,24642,46913,11805.44444,12971.3254,24776.76984,89.34,증가
2025-04-18,5호선,올림픽공원,올림픽공원,Friday,행사,7808,7070,14878,5334.41791,4560.880597,9895.298507,50.35,증가
2025-04-18,2호선,종합운동장,종합운동장,Friday,"야구, 행사",25528,29074,54602,12712.36134,13981.92437,26694.28571,104.55,증가
2025-04-19,2호선,종합운동장,종합운동장,Saturday,"야구, 행사",22299,25373,47672,11157.85556,12532.94444,23690.8,101.23,증가
2025-04-19,5호선,올림픽공원,올림픽공원,Saturday,행사,5297,5175,10472,2739.166667,2440,5179.166667,102.19,증가
2025-04-20,2호선,종합운동장,종합운동장,Sunday,"야구, 행사",26889,29330,56219,11497.52632,12325.68421,23823.21053,135.98,증가
2025-04-20,4호선,혜화,혜화,Sunday,시위,30895,30444,61339,27529.625,28512.18421,56041.80921,9.45,증가
2025-04-20,5호선,올림픽공원,올림픽공원,Sunday,행사,5321,5627,10948,3374.333333,3357,6731.333333,62.64,증가
2025-04-21,2호선,시청,시청,Monday,시위,29922,29066,58988,26955.27778,25724.90972,52680.1875,11.97,증가
2025-04-21,4호선,혜화,혜화,Monday,시위,33290,31610,64900,32751.31915,32747.31206,65498.63121,-0.91,감소
2025-04-22,2호선,종합운동장,종합운동장,Tuesday,야구,13457,15332,28789,10766.95238,11956.61111,22723.56349,26.69,증가
2025-04-22,4호선,혜화,혜화,Tuesday,시위,35704,35388,71092,36660.19444,36548.82639,73209.02083,-2.89,감소
2025-04-23,4호선,혜화,혜화,Wednesday,시위,41227,40781,82008,39045.08276,38949.02759,77994.11034,5.15,증가
2025-04-23,2호선,종합운동장,종합운동장,Wednesday,야구,19995,22348,42343,11404.5969,12502.57364,23907.17054,77.11,증가
2025-04-24,2호선,종합운동장,종합운동장,Thursday,야구,19585,21247,40832,11805.44444,12971.3254,24776.76984,64.8,증가
2025-04-24,4호선,혜화,혜화,Thursday,시위,40718,40682,81400,38490.95139,38497.58333,76988.53472,5.73,증가
2025-04-25,2호선,종합운동장,종합운동장,Friday,야구,26401,29836,56237,12712.36134,13981.92437,26694.28571,110.67,증가
2025-04-25,4호선,혜화,혜화,Friday,시위,42963,42413,85376,39891.46763,39756.85612,79648.32374,7.19,증가
2025-04-26,2호선,종합운동장,종합운동장,Saturday,"야구, 행사",21322,26311,47633,11157.85556,12532.94444,23690.8,101.06,증가
2025-04-26,5호선,올림픽공원,올림픽공원,Saturday,행사,5757,5721,11478,2739.166667,2440,5179.166667,121.62,증가
2025-04-27,2호선,종합운동장,종합운동장,Sunday,"야구, 행사",19715,23008,42723,11497.52632,12325.68421,23823.21053,79.33,증가
2025-04-27,5호선,올림픽공원,올림픽공원,Sunday,행사,4725,4770,9495,3374.333333,3357,6731.333333,41.06,증가
2025-04-28,4호선,혜화,혜화,Monday,시위,36203,35862,72065,32751.31915,32747.31206,65498.63121,10.03,증가
2025-04-29,2호선,종합운동장,종합운동장,Tuesday,야구,17680,18976,36656,10766.95238,11956.61111,22723.56349,61.31,증가
2025-04-30,2호선,종합운동장,종합운동장,Wednesday,야구,19270,21484,40754,11404.5969,12502.57364,23907.17054,70.47,증가
2025-05-01,2호선,종합운동장,종합운동장,Thursday,야구,17531,18136,35667,11805.44444,12971.3254,24776.76984,43.95,증가
2025-05-02,2호선,종합운동장,종합운동장,Friday,야구,21507,23945,45452,12712.36134,13981.92437,26694.28571,70.27,증가
2025-05-02,4호선,혜화,혜화,Friday,시위,47351,43658,91009,39891.46763,39756.85612,79648.32374,14.26,증가
2025-05-02,5호선,올림픽공원,올림픽공원,Friday,행사,5879,5167,11046,5334.41791,4560.880597,9895.298507,11.63,증가
2025-05-03,2호선,종합운동장,종합운동장,Saturday,"야구, 행사",20129,22776,42905,11157.85556,12532.94444,23690.8,81.1,증가
2025-05-03,5호선,올림픽공원,올림픽공원,Saturday,행사,5774,5257,11031,2739.166667,2440,5179.166667,112.99,증가
2025-05-04,2호선,종합운동장,종합운동장,Sunday,"야구, 행사",18826,21736,40562,11497.52632,12325.68421,23823.21053,70.26,증가
2025-05-04,5호선,올림픽공원,올림픽공원,Sunday,행사,5901,5447,11348,3374.333333,3357,6731.333333,68.58,증가
2025-05-05,2호선,종합운동장,종합운동장,Monday,야구,18479,21582,40061,8194.637584,9218.899329,17413.53691,130.06,증가
2025-05-05,5호선,올림픽공원,올림픽공원,Monday,행사,3222,2942,6164,4923.958904,4205.315068,9129.273973,-32.48,감소
2025-05-06,2호선,종합운동장,종합운동장,Tuesday,야구,17190,19994,37184,10766.95238,11956.61111,22723.56349,63.64,증가
2025-05-07,2호선,종합운동장,종합운동장,Wednesday,야구,25415,28724,54139,11404.5969,12502.57364,23907.17054,126.46,증가
2025-05-09,5호선,올림픽공원,올림픽공원,Friday,행사,9473,9100,18573,5334.41791,4560.880597,9895.298507,87.7,증가
2025-05-10,2호선,종합운동장,종합운동장,Saturday,"야구, 행사",19947,22519,42466,11157.85556,12532.94444,23690.8,79.25,증가
2025-05-10,5호선,올림픽공원,올림픽공원,Saturday,행사,8213,7316,15529,2739.166667,2440,5179.166667,199.84,증가
2025-05-11,2호선,종합운동장,종합운동장,Sunday,"야구, 행사",21302,23101,44403,11497.52632,12325.68421,23823.21053,86.39,증가
2025-05-11,5호선,올림픽공원,올림픽공원,Sunday,행사,6752,7135,13887,3374.333333,3357,6731.333333,106.3,증가
2025-05-13,2호선,시청,시청,Tuesday,시위,31890,30834,62724,29145.64384,27907.08219,57052.72603,9.94,증가
2025-05-13,2호선,종합운동장,종합운동장,Tuesday,야구,21126,23591,44717,10766.95238,11956.61111,22723.56349,96.79,증가
2025-05-14,2호선,종합운동장,종합운동장,Wednesday,야구,19107,21036,40143,11404.5969,12502.57364,23907.17054,67.91,증가
2025-05-15,2호선,종합운동장,종합운동장,Thursday,야구,18268,20497,38765,11805.44444,12971.3254,24776.76984,56.46,증가
2025-05-16,5호선,올림픽공원,올림픽공원,Friday,행사,9681,9449,19130,5334.41791,4560.880597,9895.298507,93.32,증가
2025-05-17,5호선,올림픽공원,올림픽공원,Saturday,행사,8451,8314,16765,2739.166667,2440,5179.166667,223.7,증가
2025-05-17,2호선,종합운동장,종합운동장,Saturday,야구,29845,31889,61734,11157.85556,12532.94444,23690.8,160.58,증가
2025-05-18,2호선,종합운동장,종합운동장,Sunday,야구,18117,20177,38294,11497.52632,12325.68421,23823.21053,60.74,증가
2025-05-18,5호선,올림픽공원,올림픽공원,Sunday,행사,7303,7868,15171,3374.333333,3357,6731.333333,125.38,증가
2025-05-20,2호선,종합운동장,종합운동장,Tuesday,야구,19692,22691,42383,10766.95238,11956.61111,22723.56349,86.52,증가
2025-05-21,2호선,종합운동장,종합운동장,Wednesday,야구,16954,18942,35896,11404.5969,12502.57364,23907.17054,50.15,증가
2025-05-22,2호선,종합운동장,종합운동장,Thursday,야구,17951,19823,37774,11805.44444,12971.3254,24776.76984,52.46,증가
2025-05-23,2호선,종합운동장,종합운동장,Friday,야구,21328,22032,43360,12712.36134,13981.92437,26694.28571,62.43,증가
2025-05-23,5호선,올림픽공원,올림픽공원,Friday,행사,8028,8064,16092,5334.41791,4560.880597,9895.298507,62.62,증가
2025-05-24,2호선,종합운동장,종합운동장,Saturday,야구,20747,22900,43647,11157.85556,12532.94444,23690.8,84.24,증가
2025-05-24,5호선,올림픽공원,올림픽공원,Saturday,행사,6558,6799,13357,2739.166667,2440,5179.166667,157.9,증가
2025-05-25,5호선,올림픽공원,올림픽공원,Sunday,행사,5981,6435,12416,3374.333333,3357,6731.333333,84.45,증가
2025-05-25,2호선,종합운동장,종합운동장,Sunday,야구,16028,18284,34312,11497.52632,12325.68421,23823.21053,44.03,증가
2025-05-27,2호선,종합운동장,종합운동장,Tuesday,야구,21880,25323,47203,10766.95238,11956.61111,22723.56349,107.73,증가
2025-05-28,2호선,종합운동장,종합운동장,Wednesday,야구,22331,25270,47601,11404.5969,12502.57364,23907.17054,99.11,증가
2025-05-29,2호선,종합운동장,종합운동장,Thursday,야구,23902,27070,50972,11805.44444,12971.3254,24776.76984,105.72,증가
2025-05-30,2호선,종합운동장,종합운동장,Friday,야구,21238,25216,46454,12712.36134,13981.92437,26694.28571,74.02,증가
2025-05-30,5호선,올림픽공원,올림픽공원,Friday,행사,7801,7376,15177,5334.41791,4560.880597,9895.298507,53.38,증가
2025-05-31,2호선,종합운동장,종합운동장,Saturday,야구,18375,21789,40164,11157.85556,12532.94444,23690.8,69.53,증가
2025-05-31,5호선,올림픽공원,올림픽공원,Saturday,행사,5874,5780,11654,2739.166667,2440,5179.166667,125.02,증가
2025-06-01,2호선,종합운동장,종합운동장,Sunday,야구,18343,19973,38316,11497.52632,12325.68421,23823.21053,60.83,증가
2025-06-03,2호선,종합운동장,종합운동장,Tuesday,야구,17296,18945,36241,10766.95238,11956.61111,22723.56349,59.49,증가
2025-06-04,2호선,종합운동장,종합운동장,Wednesday,야구,23518,25781,49299,11404.5969,12502.57364,23907.17054,106.21,증가
2025-06-05,2호선,종합운동장,종합운동장,Thursday,야구,22716,25503,48219,11805.44444,12971.3254,24776.76984,94.61,증가
2025-06-06,2호선,종합운동장,종합운동장,Friday,야구,17588,20808,38396,12712.36134,13981.92437,26694.28571,43.84,증가
2025-06-07,5호선,올림픽공원,올림픽공원,Saturday,행사,7616,8693,16309,2739.166667,2440,5179.166667,214.9,증가
2025-06-07,2호선,종합운동장,종합운동장,Saturday,"야구, 행사",20961,24243,45204,11157.85556,12532.94444,23690.8,90.81,증가
2025-06-08,2호선,종합운동장,종합운동장,Sunday,"야구, 행사",22241,25066,47307,11497.52632,12325.68421,23823.21053,98.58,증가
2025-06-08,5호선,올림픽공원,올림픽공원,Sunday,행사,5750,6569,12319,3374.333333,3357,6731.333333,83.01,증가
2025-06-10,2호선,종합운동장,종합운동장,Tuesday,야구,17131,19485,36616,10766.95238,11956.61111,22723.56349,61.14,증가
2025-06-11,2호선,종합운동장,종합운동장,Wednesday,야구,17649,19748,37397,11404.5969,12502.57364,23907.17054,56.43,증가
2025-06-12,2호선,종합운동장,종합운동장,Thursday,야구,19129,20678,39807,11805.44444,12971.3254,24776.76984,60.66,증가
2025-06-13,2호선,종합운동장,종합운동장,Friday,행사,19257,21785,41042,12712.36134,13981.92437,26694.28571,53.75,증가
2025-06-13,5호선,올림픽공원,올림픽공원,Friday,행사,6131,5176,11307,5334.41791,4560.880597,9895.298507,14.27,증가
2025-06-14,5호선,올림픽공원,올림픽공원,Saturday,행사,5501,5333,10834,2739.166667,2440,5179.166667,109.18,증가
2025-06-14,2호선,종합운동장,종합운동장,Saturday,"야구, 행사",19710,22703,42413,11157.85556,12532.94444,23690.8,79.03,증가
2025-06-15,2호선,종합운동장,종합운동장,Sunday,"야구, 행사",19695,21123,40818,11497.52632,12325.68421,23823.21053,71.34,증가
2025-06-15,5호선,올림픽공원,올림픽공원,Sunday,행사,4630,4855,9485,3374.333333,3357,6731.333333,40.91,증가
2025-06-17,2호선,종합운동장,종합운동장,Tuesday,야구,16644,18553,35197,10766.95238,11956.61111,22723.56349,54.89,증가
2025-06-18,2호선,종합운동장,종합운동장,Wednesday,야구,18113,19687,37800,11404.5969,12502.57364,23907.17054,58.11,증가
2025-06-19,2호선,종합운동장,종합운동장,Thursday,야구,16606,18434,35040,11805.44444,12971.3254,24776.76984,41.42,증가
2025-06-19,5호선,올림픽공원,올림픽공원,Thursday,행사,7744,7567,15311,5183.440559,4403.132867,9586.573427,59.71,증가
2025-06-20,2호선,종합운동장,종합운동장,Friday,행사,13337,14427,27764,12712.36134,13981.92437,26694.28571,4.01,증가
2025-06-20,5호선,올림픽공원,올림픽공원,Friday,행사,5258,4425,9683,5334.41791,4560.880597,9895.298507,-2.15,감소
2025-06-21,2호선,종합운동장,종합운동장,Saturday,"야구, 행사",20821,24367,45188,11157.85556,12532.94444,23690.8,90.74,증가
2025-06-21,5호선,올림픽공원,올림픽공원,Saturday,행사,5422,5091,10513,2739.166667,2440,5179.166667,102.99,증가
2025-06-22,5호선,올림픽공원,올림픽공원,Sunday,행사,3309,3013,6322,3374.333333,3357,6731.333333,-6.08,감소
2025-06-22,2호선,종합운동장,종합운동장,Sunday,"야구, 행사",21636,23599,45235,11497.52632,12325.68421,23823.21053,89.88,증가
2025-06-24,2호선,종합운동장,종합운동장,Tuesday,야구,16414,17557,33971,10766.95238,11956.61111,22723.56349,49.5,증가
2025-06-26,2호선,종합운동장,종합운동장,Thursday,야구,17506,18368,35874,11805.44444,12971.3254,24776.76984,44.79,증가
2025-06-27,2호선,종합운동장,종합운동장,Friday,야구,21624,24930,46554,12712.36134,13981.92437,26694.28571,74.4,증가
2025-06-27,5호선,올림픽공원,올림픽공원,Friday,행사,5785,4212,9997,5334.41791,4560.880597,9895.298507,1.03,증가
2025-06-28,2호선,종합운동장,종합운동장,Saturday,"야구, 행사",18673,21539,40212,11157.85556,12532.94444,23690.8,69.74,증가
2025-06-28,5호선,올림픽공원,올림픽공원,Saturday,행사,5381,4726,10107,2739.166667,2440,5179.166667,95.15,증가
2025-06-29,2호선,종합운동장,종합운동장,Sunday,"야구, 행사",17793,19973,37766,11497.52632,12325.68421,23823.21053,58.53,증가
2025-06-29,5호선,올림픽공원,올림픽공원,Sunday,행사,4099,3712,7811,3374.333333,3357,6731.333333,16.04,증가
2025-07-01,2호선,종합운동장,종합운동장,Tuesday,야구,18706,21556,40262,10766.95238,11956.61111,22723.56349,77.18,증가
2025-07-02,2호선,종합운동장,종합운동장,Wednesday,야구,20776,22990,43766,11404.5969,12502.57364,23907.17054,83.07,증가
2025-07-03,2호선,종합운동장,종합운동장,Thursday,야구,21829,24699,46528,11805.44444,12971.3254,24776.76984,87.79,증가
2025-07-04,2호선,종합운동장,종합운동장,Friday,야구,20319,21573,41892,12712.36134,13981.92437,26694.28571,56.93,증가
2025-07-04,5호선,올림픽공원,올림픽공원,Friday,행사,8060,8194,16254,5334.41791,4560.880597,9895.298507,64.26,증가
2025-07-05,2호선,종합운동장,종합운동장,Saturday,야구,17458,18916,36374,11157.85556,12532.94444,23690.8,53.54,증가
2025-07-05,5호선,올림픽공원,올림픽공원,Saturday,행사,6501,6506,13007,2739.166667,2440,5179.166667,151.14,증가
2025-07-06,2호선,종합운동장,종합운동장,Sunday,야구,19487,20762,40249,11497.52632,12325.68421,23823.21053,68.95,증가
2025-07-06,5호선,올림픽공원,올림픽공원,Sunday,행사,5571,6123,11694,3374.333333,3357,6731.333333,73.72,증가
2025-07-08,2호선,종합운동장,종합운동장,Tuesday,야구,16279,18462,34741,10766.95238,11956.61111,22723.56349,52.89,증가
2025-07-09,2호선,종합운동장,종합운동장,Wednesday,야구,17590,19372,36962,11404.5969,12502.57364,23907.17054,54.61,증가
2025-07-10,2호선,종합운동장,종합운동장,Thursday,야구,17503,19374,36877,11805.44444,12971.3254,24776.76984,48.84,증가
2025-07-11,2호선,종합운동장,종합운동장,Friday,행사,14071,14866,28937,12712.36134,13981.92437,26694.28571,8.4,증가
2025-07-11,5호선,올림픽공원,올림픽공원,Friday,행사,6509,5992,12501,5334.41791,4560.880597,9895.298507,26.33,증가
2025-07-12,5호선,올림픽공원,올림픽공원,Saturday,행사,5196,5101,10297,2739.166667,2440,5179.166667,98.82,증가
2025-07-12,2호선,종합운동장,종합운동장,Saturday,행사,9822,11101,20923,11157.85556,12532.94444,23690.8,-11.68,감소
2025-07-13,2호선,종합운동장,종합운동장,Sunday,행사,8979,9978,18957,11497.52632,12325.68421,23823.21053,-20.43,감소
2025-07-13,5호선,올림픽공원,올림픽공원,Sunday,행사,4499,4562,9061,3374.333333,3357,6731.333333,34.61,증가
2025-07-18,2호선,종합운동장,종합운동장,Friday,야구,24611,29508,54119,12712.36134,13981.92437,26694.28571,102.74,증가
2025-07-18,5호선,올림픽공원,올림픽공원,Friday,행사,6416,6467,12883,5334.41791,4560.880597,9895.298507,30.19,증가
2025-07-19,2호선,종합운동장,종합운동장,Saturday,야구,23198,25636,48834,11157.85556,12532.94444,23690.8,106.13,증가
2025-07-19,5호선,올림픽공원,올림픽공원,Saturday,행사,5322,5099,10421,2739.166667,2440,5179.166667,101.21,증가
2025-07-20,2호선,종합운동장,종합운동장,Sunday,야구,21623,23924,45547,11497.52632,12325.68421,23823.21053,91.19,증가
2025-07-20,5호선,올림픽공원,올림픽공원,Sunday,행사,4545,4806,9351,3374.333333,3357,6731.333333,38.92,증가
2025-07-22,2호선,종합운동장,종합운동장,Tuesday,야구,22025,25189,47214,10766.95238,11956.61111,22723.56349,107.78,증가
2025-07-23,2호선,종합운동장,종합운동장,Wednesday,야구,22488,24901,47389,11404.5969,12502.57364,23907.17054,98.22,증가
2025-07-24,2호선,종합운동장,종합운동장,Thursday,야구,23145,25555,48700,11805.44444,12971.3254,24776.76984,96.56,증가
2025-07-25,2호선,종합운동장,종합운동장,Friday,야구,23829,27120,50949,12712.36134,13981.92437,26694.28571,90.86,증가
2025-07-25,5호선,올림픽공원,올림픽공원,Friday,행사,8130,8193,16323,5334.41791,4560.880597,9895.298507,64.96,증가
2025-07-26,2호선,종합운동장,종합운동장,Saturday,야구,22426,26352,48778,11157.85556,12532.94444,23690.8,105.89,증가
2025-07-26,5호선,올림픽공원,올림픽공원,Saturday,행사,6785,6636,13421,2739.166667,2440,5179.166667,159.13,증가
2025-07-27,2호선,종합운동장,종합운동장,Sunday,야구,20455,22425,42880,11497.52632,12325.68421,23823.21053,79.99,증가
2025-07-27,5호선,올림픽공원,올림픽공원,Sunday,행사,6024,5963,11987,3374.333333,3357,6731.333333,78.08,증가
2025-07-29,2호선,종합운동장,종합운동장,Tuesday,야구,15880,17639,33519,10766.95238,11956.61111,22723.56349,47.51,증가
2025-07-30,2호선,종합운동장,종합운동장,Wednesday,야구,16578,17995,34573,11404.5969,12502.57364,23907.17054,44.61,증가
2025-07-31,2호선,종합운동장,종합운동장,Thursday,야구,15921,17542,33463,11805.44444,12971.3254,24776.76984,35.06,증가
2025-08-01,2호선,종합운동장,종합운동장,Friday,야구,15902,17732,33634,12712.36134,13981.92437,26694.28571,26,증가
2025-08-02,5호선,올림픽공원,올림픽공원,Saturday,행사,4724,4428,9152,2739.166667,2440,5179.166667,76.71,증가
2025-08-02,2호선,종합운동장,종합운동장,Saturday,야구,14543,15979,30522,11157.85556,12532.94444,23690.8,28.83,증가
2025-08-03,2호선,종합운동장,종합운동장,Sunday,야구,12510,13441,25951,11497.52632,12325.68421,23823.21053,8.93,증가
2025-08-03,5호선,올림픽공원,올림픽공원,Sunday,행사,4114,3819,7933,3374.333333,3357,6731.333333,17.85,증가
2025-08-05,2호선,종합운동장,종합운동장,Tuesday,야구,17161,19475,36636,10766.95238,11956.61111,22723.56349,61.22,증가
2025-08-06,2호선,종합운동장,종합운동장,Wednesday,야구,17332,19531,36863,11404.5969,12502.57364,23907.17054,54.19,증가
2025-08-07,2호선,종합운동장,종합운동장,Thursday,야구,18221,20840,39061,11805.44444,12971.3254,24776.76984,57.65,증가
2025-08-08,2호선,종합운동장,종합운동장,Friday,야구,21838,25271,47109,12712.36134,13981.92437,26694.28571,76.48,증가
2025-08-08,5호선,올림픽공원,올림픽공원,Friday,행사,6717,6167,12884,5334.41791,4560.880597,9895.298507,30.2,증가
2025-08-09,2호선,종합운동장,종합운동장,Saturday,야구,20362,22563,42925,11157.85556,12532.94444,23690.8,81.19,증가
2025-08-09,5호선,올림픽공원,올림픽공원,Saturday,행사,5299,4801,10100,2739.166667,2440,5179.166667,95.01,증가
2025-08-10,5호선,올림픽공원,올림픽공원,Sunday,행사,4794,4851,9645,3374.333333,3357,6731.333333,43.29,증가
2025-08-10,2호선,종합운동장,종합운동장,Sunday,야구,20409,21705,42114,11497.52632,12325.68421,23823.21053,76.78,증가
2025-08-12,2호선,종합운동장,종합운동장,Tuesday,야구,14427,15897,30324,10766.95238,11956.61111,22723.56349,33.45,증가
2025-08-14,2호선,종합운동장,종합운동장,Thursday,야구,13482,14781,28263,11805.44444,12971.3254,24776.76984,14.07,증가
2025-08-15,2호선,종합운동장,종합운동장,Friday,"야구, 행사",21460,23089,44549,12712.36134,13981.92437,26694.28571,66.89,증가
2025-08-15,5호선,올림픽공원,올림픽공원,Friday,행사,4662,4626,9288,5334.41791,4560.880597,9895.298507,-6.14,감소
2025-08-16,2호선,종합운동장,종합운동장,Saturday,"야구, 행사",20263,22995,43258,11157.85556,12532.94444,23690.8,82.59,증가
2025-08-16,5호선,올림픽공원,올림픽공원,Saturday,행사,5562,5688,11250,2739.166667,2440,5179.166667,117.22,증가
2025-08-17,2호선,종합운동장,종합운동장,Sunday,야구,18929,19866,38795,11497.52632,12325.68421,23823.21053,62.85,증가
2025-08-17,5호선,올림픽공원,올림픽공원,Sunday,행사,4815,5022,9837,3374.333333,3357,6731.333333,46.14,증가
2025-08-18,4호선,남태령,남태령,Monday,시위,1528,1443,2971,1363.245033,1195.198675,2558.443709,16.13,증가
2025-08-18,4호선,명동,명동,Monday,시위,34880,32703,67583,33854.63333,35694.76,69549.39333,-2.83,감소
2025-08-20,2호선,종합운동장,종합운동장,Wednesday,야구,20183,23247,43430,11404.5969,12502.57364,23907.17054,81.66,증가
2025-08-21,5호선,올림픽공원,올림픽공원,Thursday,행사,5006,4125,9131,5183.440559,4403.132867,9586.573427,-4.75,감소
2025-08-21,2호선,종합운동장,종합운동장,Thursday,"야구, 행사",25528,29007,54535,11805.44444,12971.3254,24776.76984,120.11,증가
2025-08-22,2호선,종합운동장,종합운동장,Friday,야구,19878,21946,41824,12712.36134,13981.92437,26694.28571,56.68,증가
2025-08-23,2호선,종합운동장,종합운동장,Saturday,야구,18495,20375,38870,11157.85556,12532.94444,23690.8,64.07,증가
2025-08-23,5호선,올림픽공원,올림픽공원,Saturday,행사,6037,6980,13017,2739.166667,2440,5179.166667,151.33,증가
2025-08-24,2호선,종합운동장,종합운동장,Sunday,야구,15571,16753,32324,11497.52632,12325.68421,23823.21053,35.68,증가
2025-08-24,5호선,올림픽공원,올림픽공원,Sunday,행사,4924,6111,11035,3374.333333,3357,6731.333333,63.93,증가
2025-08-26,2호선,종합운동장,종합운동장,Tuesday,야구,19887,22504,42391,10766.95238,11956.61111,22723.56349,86.55,증가
2025-08-27,2호선,종합운동장,종합운동장,Wednesday,야구,21201,23391,44592,11404.5969,12502.57364,23907.17054,86.52,증가
2025-08-28,2호선,종합운동장,종합운동장,Thursday,야구,22312,24988,47300,11805.44444,12971.3254,24776.76984,90.9,증가
2025-08-29,5호선,올림픽공원,올림픽공원,Friday,행사,7798,7582,15380,5334.41791,4560.880597,9895.298507,55.43,증가
2025-08-29,2호선,종합운동장,종합운동장,Friday,야구,19501,21713,41214,12712.36134,13981.92437,26694.28571,54.39,증가
2025-08-30,2호선,종합운동장,종합운동장,Saturday,야구,17085,19011,36096,11157.85556,12532.94444,23690.8,52.36,증가
2025-08-30,5호선,올림픽공원,올림픽공원,Saturday,행사,6010,5516,11526,2739.166667,2440,5179.166667,122.55,증가
2025-08-31,2호선,종합운동장,종합운동장,Sunday,야구,15701,16769,32470,11497.52632,12325.68421,23823.21053,36.3,증가
2025-08-31,5호선,올림픽공원,올림픽공원,Sunday,행사,5412,5166,10578,3374.333333,3357,6731.333333,57.15,증가
2025-09-02,2호선,종합운동장,종합운동장,Tuesday,야구,21327,25039,46366,10766.95238,11956.61111,22723.56349,104.04,증가
2025-09-02,4호선,서울,서울,Tuesday,시위,14354,21791,36145,13570.12245,21557.77551,35127.89796,2.9,증가
2025-09-05,4호선,남태령,남태령,Friday,시위,1592,1457,3049,1585.211921,1285.701987,2870.913907,6.2,증가
2025-09-05,4호선,혜화,혜화,Friday,시위,42017,41351,83368,39891.46763,39756.85612,79648.32374,4.67,증가
2025-09-06,2호선,종합운동장,종합운동장,Saturday,행사,19413,23431,42844,11157.85556,12532.94444,23690.8,80.85,증가
2025-09-06,5호선,올림픽공원,올림픽공원,Saturday,행사,5136,4419,9555,2739.166667,2440,5179.166667,84.49,증가
2025-09-07,5호선,올림픽공원,올림픽공원,Sunday,행사,3932,3782,7714,3374.333333,3357,6731.333333,14.6,증가
2025-09-07,2호선,종합운동장,종합운동장,Sunday,"야구, 행사",20281,22480,42761,11497.52632,12325.68421,23823.21053,79.49,증가
2025-09-10,2호선,종합운동장,종합운동장,Wednesday,야구,18567,21266,39833,11404.5969,12502.57364,23907.17054,66.62,증가
2025-09-11,2호선,종합운동장,종합운동장,Thursday,야구,18899,21219,40118,11805.44444,12971.3254,24776.76984,61.92,증가
2025-09-13,2호선,종합운동장,종합운동장,Saturday,야구,19181,22712,41893,11157.85556,12532.94444,23690.8,76.83,증가
2025-09-13,5호선,올림픽공원,올림픽공원,Saturday,행사,6539,6142,12681,2739.166667,2440,5179.166667,144.85,증가
2025-09-14,2호선,종합운동장,종합운동장,Sunday,야구,17838,19439,37277,11497.52632,12325.68421,23823.21053,56.47,증가
2025-09-16,2호선,종합운동장,종합운동장,Tuesday,야구,15069,17690,32759,10766.95238,11956.61111,22723.56349,44.16,증가
2025-09-17,2호선,종합운동장,종합운동장,Wednesday,야구,14631,16129,30760,11404.5969,12502.57364,23907.17054,28.66,증가
2025-09-18,2호선,종합운동장,종합운동장,Thursday,야구,16346,18736,35082,11805.44444,12971.3254,24776.76984,41.59,증가
2025-09-20,5호선,올림픽공원,올림픽공원,Saturday,행사,5606,5009,10615,2739.166667,2440,5179.166667,104.96,증가
2025-09-20,2호선,종합운동장,종합운동장,Saturday,야구,18506,21618,40124,11157.85556,12532.94444,23690.8,69.37,증가
2025-09-21,5호선,올림픽공원,올림픽공원,Sunday,행사,5091,4846,9937,3374.333333,3357,6731.333333,47.62,증가
2025-09-25,2호선,종합운동장,종합운동장,Thursday,야구,23276,27107,50383,11805.44444,12971.3254,24776.76984,103.35,증가
2025-09-26,2호선,종합운동장,종합운동장,Friday,야구,19855,22544,42399,12712.36134,13981.92437,26694.28571,58.83,증가
2025-09-26,5호선,올림픽공원,올림픽공원,Friday,행사,6840,6312,13152,5334.41791,4560.880597,9895.298507,32.91,증가
2025-09-27,2호선,종합운동장,종합운동장,Saturday,야구,21051,23657,44708,11157.85556,12532.94444,23690.8,88.71,증가
2025-09-27,5호선,올림픽공원,올림픽공원,Saturday,행사,6334,6053,12387,2739.166667,2440,5179.166667,139.17,증가
2025-09-28,2호선,종합운동장,종합운동장,Sunday,야구,17462,21330,38792,11497.52632,12325.68421,23823.21053,62.83,증가
2025-09-28,5호선,올림픽공원,올림픽공원,Sunday,행사,4019,3857,7876,3374.333333,3357,6731.333333,17.01,증가
2025-09-29,5호선,광화문,광화문,Monday,시위,37301,39819,77120,33662.7,35256.36667,68919.06667,11.9,증가
2025-09-30,2호선,종합운동장,종합운동장,Tuesday,야구,21648,25603,47251,10766.95238,11956.61111,22723.56349,107.94,증가
2025-10-01,2호선,종합운동장,종합운동장,Wednesday,야구,21639,25470,47109,11404.5969,12502.57364,23907.17054,97.05,증가
2025-10-03,5호선,올림픽공원,올림픽공원,Friday,행사,5991,6480,12471,5334.41791,4560.880597,9895.298507,26.03,증가
2025-10-04,5호선,올림픽공원,올림픽공원,Saturday,행사,6036,6170,12206,2739.166667,2440,5179.166667,135.67,증가
2025-10-05,5호선,올림픽공원,올림픽공원,Sunday,행사,4860,5008,9868,3374.333333,3357,6731.333333,46.6,증가
2025-10-09,2호선,종합운동장,종합운동장,Thursday,행사,5361,6311,11672,11805.44444,12971.3254,24776.76984,-52.89,감소
2025-10-10,2호선,종합운동장,종합운동장,Friday,행사,8493,9585,18078,12712.36134,13981.92437,26694.28571,-32.28,감소
2025-10-10,5호선,올림픽공원,올림픽공원,Friday,행사,6613,6161,12774,5334.41791,4560.880597,9895.298507,29.09,증가
2025-10-11,2호선,종합운동장,종합운동장,Saturday,행사,12206,13469,25675,11157.85556,12532.94444,23690.8,8.38,증가
2025-10-11,5호선,올림픽공원,올림픽공원,Saturday,행사,6095,5591,11686,2739.166667,2440,5179.166667,125.63,증가
2025-10-12,2호선,종합운동장,종합운동장,Sunday,행사,8206,9253,17459,11497.52632,12325.68421,23823.21053,-26.71,감소
2025-10-12,5호선,올림픽공원,올림픽공원,Sunday,행사,5296,5685,10981,3374.333333,3357,6731.333333,63.13,증가
2025-10-17,5호선,올림픽공원,올림픽공원,Friday,행사,6221,5298,11519,5334.41791,4560.880597,9895.298507,16.41,증가
2025-10-18,5호선,올림픽공원,올림픽공원,Saturday,행사,6289,6540,12829,2739.166667,2440,5179.166667,147.7,증가
2025-10-18,2호선,종합운동장,종합운동장,Saturday,행사,10653,11851,22504,11157.85556,12532.94444,23690.8,-5.01,감소
2025-10-19,2호선,종합운동장,종합운동장,Sunday,행사,9232,10655,19887,11497.52632,12325.68421,23823.21053,-16.52,감소
2025-10-19,5호선,올림픽공원,올림픽공원,Sunday,행사,4820,5091,9911,3374.333333,3357,6731.333333,47.24,증가
2025-10-24,5호선,올림픽공원,올림픽공원,Friday,행사,8772,8264,17036,5334.41791,4560.880597,9895.298507,72.16,증가
2025-10-25,5호선,올림픽공원,올림픽공원,Saturday,행사,7548,7439,14987,2739.166667,2440,5179.166667,189.37,증가
2025-10-26,5호선,올림픽공원,올림픽공원,Sunday,행사,6346,6728,13074,3374.333333,3357,6731.333333,94.23,증가
2025-10-31,5호선,올림픽공원,올림픽공원,Friday,행사,7728,7270,14998,5334.41791,4560.880597,9895.298507,51.57,증가
2025-11-01,5호선,올림픽공원,올림픽공원,Saturday,행사,6874,6734,13608,2739.166667,2440,5179.166667,162.74,증가
2025-11-02,5호선,올림픽공원,올림픽공원,Sunday,행사,8107,6859,14966,3374.333333,3357,6731.333333,122.33,증가
2025-11-04,4호선,서울,서울,Tuesday,시위,15099,24255,39354,13570.12245,21557.77551,35127.89796,12.03,증가
2025-11-07,5호선,올림픽공원,올림픽공원,Friday,행사,6024,5084,11108,5334.41791,4560.880597,9895.298507,12.26,증가
2025-11-08,5호선,올림픽공원,올림픽공원,Saturday,행사,6296,6092,12388,2739.166667,2440,5179.166667,139.19,증가
2025-11-09,5호선,올림픽공원,올림픽공원,Sunday,행사,5996,5279,11275,3374.333333,3357,6731.333333,67.5,증가
2025-11-10,4호선,혜화,혜화,Monday,시위,36107,35673,71780,32751.31915,32747.31206,65498.63121,9.59,증가
2025-11-12,4호선,한성대입구,한성대입구,Wednesday,시위,17570,16687,34257,15312.08609,14760.33113,30072.41722,13.92,증가
2025-11-15,5호선,올림픽공원,올림픽공원,Saturday,행사,5801,5603,11404,2739.166667,2440,5179.166667,120.19,증가
2025-11-16,5호선,올림픽공원,올림픽공원,Sunday,행사,5033,4867,9900,3374.333333,3357,6731.333333,47.07,증가
2025-11-17,4호선,한성대입구,한성대입구,Monday,시위,16397,17476,33873,14257.37086,13831.03974,28088.4106,20.59,증가
2025-11-17,4호선,혜화,혜화,Monday,시위,35465,32860,68325,32751.31915,32747.31206,65498.63121,4.32,증가
2025-11-17,5호선,광화문,광화문,Monday,시위,37362,38706,76068,33662.7,35256.36667,68919.06667,10.37,증가
2025-11-18,4호선,길음,길음,Tuesday,시위,23632,25258,48890,23157.37333,23203.68,46361.05333,5.45,증가
2025-11-18,5호선,광화문,광화문,Tuesday,시위,39070,34639,73709,35598.62667,37392.11333,72990.74,0.98,증가
2025-11-21,5호선,올림픽공원,올림픽공원,Friday,행사,7710,6882,14592,5334.41791,4560.880597,9895.298507,47.46,증가
2025-11-21,2호선,종합운동장,종합운동장,Friday,행사,12756,14868,27624,12712.36134,13981.92437,26694.28571,3.48,증가
2025-11-22,2호선,종합운동장,종합운동장,Saturday,행사,19406,22235,41641,11157.85556,12532.94444,23690.8,75.77,증가
2025-11-22,5호선,올림픽공원,올림픽공원,Saturday,행사,6165,5752,11917,2739.166667,2440,5179.166667,130.09,증가
2025-11-23,2호선,종합운동장,종합운동장,Sunday,행사,10114,11987,22101,11497.52632,12325.68421,23823.21053,-7.23,감소
2025-11-23,5호선,올림픽공원,올림픽공원,Sunday,행사,4822,4679,9501,3374.333333,3357,6731.333333,41.15,증가
2025-11-25,4호선,혜화,혜화,Tuesday,시위,41774,39562,81336,36660.19444,36548.82639,73209.02083,11.1,증가
2025-11-26,5호선,여의나루,여의나루,Wednesday,시위,12516,13194,25710,13502.93377,15123.50331,28626.43709,-10.19,감소
2025-11-27,4호선,혜화,혜화,Thursday,시위,41474,39605,81079,38490.95139,38497.58333,76988.53472,5.31,증가
2025-11-28,5호선,올림픽공원,올림픽공원,Friday,행사,8473,7465,15938,5334.41791,4560.880597,9895.298507,61.07,증가
2025-11-29,2호선,종합운동장,종합운동장,Saturday,행사,13652,16051,29703,11157.85556,12532.94444,23690.8,25.38,증가
2025-11-29,5호선,올림픽공원,올림픽공원,Saturday,행사,5910,5267,11177,2739.166667,2440,5179.166667,115.81,증가
2025-11-30,2호선,종합운동장,종합운동장,Sunday,행사,10901,13165,24066,11497.52632,12325.68421,23823.21053,1.02,증가
2025-11-30,5호선,올림픽공원,올림픽공원,Sunday,행사,4791,4418,9209,3374.333333,3357,6731.333333,36.81,증가
