date,total_passengers,morning_rush,evening_rush,year,avg_temp,total_rainfall,max_rainfall,rain_hours,min_temp,max_temp,has_rain,temp_category,rainfall_category,day_of_week,weekday,is_weekend,month,season
2023-01-01,1948637,114186,250040,2023,-2.4,0.0,0.0,0,-6.9,3.2,0,추움,맑음,Sunday,6,1,1,겨울
2023-01-02,4322613,825778,876655,2023,-5.1,0.0,0.0,0,-8.8,-0.5,0,한파,맑음,Monday,0,0,1,겨울
2023-01-03,4549148,853974,894167,2023,-3.5,0.0,0.0,0,-5.5,0.0,0,추움,맑음,Tuesday,1,0,1,겨울
2023-01-04,4638285,851743,890986,2023,-1.7,0.0,0.0,0,-5.5,3.1,0,추움,맑음,Wednesday,2,0,1,겨울
2023-01-05,4692508,850295,880843,2023,-1.2,0.0,0.0,0,-4.6,3.4,0,추움,맑음,Thursday,3,0,1,겨울
2023-01-06,4886543,825815,909002,2023,2.5,4.0,2.4,3,-0.5,5.7,1,추움,약한비,Friday,4,0,1,겨울
2023-01-07,3323061,220706,390693,2023,-0.0,0.0,0.0,0,-3.6,3.6,0,추움,맑음,Saturday,5,1,1,겨울
2023-01-08,2389125,135935,297820,2023,3.5,0.0,0.0,0,-0.3,6.1,0,추움,맑음,Sunday,6,1,1,겨울
2023-01-09,4619157,854134,894679,2023,0.9,1.0,1.0,1,-3.7,6.7,1,추움,약한비,Monday,0,0,1,겨울
2023-01-10,4765956,866800,897140,2023,2.5,0.0,0.0,0,-1.9,8.8,0,추움,맑음,Tuesday,1,0,1,겨울
2023-01-11,4806034,857894,894540,2023,3.2,0.0,0.0,0,-0.4,8.9,0,추움,맑음,Wednesday,2,0,1,겨울
2023-01-12,4834150,854016,884387,2023,8.1,35.8,10.6,10,4.4,12.3,1,쾌적,강한비,Thursday,3,0,1,겨울
2023-01-13,4781205,816842,890379,2023,8.7,1.7,0.4,4,7.6,10.0,1,쾌적,약한비,Friday,4,0,1,겨울
2023-01-14,3358431,222570,390535,2023,4.7,4.1,1.0,9,0.7,8.0,1,추움,약한비,Saturday,5,1,1,겨울
2023-01-15,2370960,136062,299879,2023,-2.7,0.5,0.5,1,-6.6,0.3,1,추움,약한비,Sunday,6,1,1,겨울
2023-01-16,4684753,859362,898764,2023,-4.9,0.0,0.0,0,-6.9,-1.4,0,추움,맑음,Monday,0,0,1,겨울
2023-01-17,4775031,865632,891699,2023,-2.4,0.0,0.0,0,-4.5,-0.6,0,추움,맑음,Tuesday,1,0,1,겨울
2023-01-18,4849240,862235,902201,2023,-2.4,0.0,0.0,0,-5.8,1.9,0,추움,맑음,Wednesday,2,0,1,겨울
2023-01-19,4800851,853251,874216,2023,1.4,1.0,0.7,1,-3.9,4.2,1,추움,약한비,Thursday,3,0,1,겨울
2023-01-20,4529190,754450,613330,2023,-6.2,0.0,0.0,0,-10.3,-1.9,0,한파,맑음,Friday,4,0,1,겨울
2023-01-21,1818269,117803,222535,2023,-1.9,0.0,0.0,0,-6.1,1.1,0,추움,맑음,Saturday,5,1,1,겨울
2023-01-22,1395950,102448,168342,2023,-0.0,0.0,0.0,0,-1.6,2.5,0,추움,맑음,Sunday,6,1,1,겨울
2023-01-23,1877069,86716,252051,2023,-5.1,0.0,0.0,0,-16.5,4.2,0,한파,맑음,Monday,0,0,1,겨울
2023-01-24,1681400,100453,230261,2023,-15.8,0.0,0.0,0,-18.8,-12.5,0,한파,맑음,Tuesday,1,0,1,겨울
2023-01-25,4098202,768590,839876,2023,-8.3,0.8,0.2,1,-13.9,-5.4,1,한파,약한비,Wednesday,2,0,1,겨울
2023-01-26,4767197,895658,897458,2023,-5.9,0.0,0.0,0,-8.5,-3.4,0,한파,맑음,Thursday,3,0,1,겨울
2023-01-27,4872026,839685,927071,2023,-8.0,0.0,0.0,0,-11.0,-4.3,0,한파,맑음,Friday,4,0,1,겨울
2023-01-28,3250817,217640,388964,2023,-4.7,0.0,0.0,0,-7.8,-0.6,0,추움,맑음,Saturday,5,1,1,겨울
2023-01-29,2373553,135004,301160,2023,-0.5,0.0,0.0,0,-4.3,4.5,0,추움,맑음,Sunday,6,1,1,겨울
2023-01-30,4652456,860097,899024,2023,-0.5,0.0,0.0,0,-3.4,4.1,0,추움,맑음,Monday,0,0,1,겨울
2023-01-31,4750964,869270,891195,2023,4.0,0.0,0.0,0,-0.4,7.6,0,추움,맑음,Tuesday,1,0,1,겨울
2023-02-01,4813316,872631,920195,2023,-1.0,0.0,0.0,0,-4.9,4.4,0,추움,맑음,Wednesday,2,0,2,겨울
2023-02-02,4812904,873111,901925,2023,-2.1,0.0,0.0,0,-3.8,1.2,0,추움,맑음,Thursday,3,0,2,겨울
2023-02-03,4978019,844715,934858,2023,-1.6,0.0,0.0,0,-4.9,2.9,0,추움,맑음,Friday,4,0,2,겨울
2023-02-04,3501823,226473,421920,2023,0.4,0.0,0.0,0,-3.1,5.6,0,추움,맑음,Saturday,5,1,2,겨울
2023-02-05,2464922,139518,318475,2023,2.2,0.0,0.0,0,-1.6,7.0,0,추움,맑음,Sunday,6,1,2,겨울
2023-02-06,4661147,873541,903766,2023,3.3,0.0,0.0,0,-0.4,8.7,0,추움,맑음,Monday,0,0,2,겨울
2023-02-07,4810193,884056,912773,2023,3.4,0.0,0.0,0,-1.1,9.2,0,추움,맑음,Tuesday,1,0,2,겨울
2023-02-08,4861864,877651,910215,2023,1.6,0.0,0.0,0,-2.7,7.6,0,추움,맑음,Wednesday,2,0,2,겨울
2023-02-09,4872080,870830,891481,2023,4.9,0.6,0.2,1,2.0,7.6,1,추움,약한비,Thursday,3,0,2,겨울
2023-02-10,4981658,831803,919188,2023,2.1,0.0,0.0,0,-1.0,5.8,0,추움,맑음,Friday,4,0,2,겨울
2023-02-11,3581092,232150,432135,2023,3.0,0.0,0.0,0,-0.7,8.5,0,추움,맑음,Saturday,5,1,2,겨울
2023-02-12,2536186,141947,322155,2023,5.5,0.0,0.0,0,2.1,7.4,0,쾌적,맑음,Sunday,6,1,2,겨울
2023-02-13,4701868,859572,901896,2023,3.5,0.0,0.0,0,-2.2,8.4,0,추움,맑음,Monday,0,0,2,겨울
2023-02-14,4913207,878756,930553,2023,1.9,0.0,0.0,0,-1.1,6.4,0,추움,맑음,Tuesday,1,0,2,겨울
2023-02-15,4910940,873235,910227,2023,4.2,0.0,0.0,0,1.9,8.7,0,추움,맑음,Wednesday,2,0,2,겨울
2023-02-16,4914872,866671,902059,2023,1.0,0.0,0.0,0,-1.4,4.0,0,추움,맑음,Thursday,3,0,2,겨울
2023-02-17,5046890,829005,913089,2023,5.2,0.0,0.0,0,0.6,9.7,0,쾌적,맑음,Friday,4,0,2,겨울
2023-02-18,3543903,232699,423819,2023,5.7,0.4,0.2,1,3.2,8.1,1,쾌적,약한비,Saturday,5,1,2,겨울
2023-02-19,2580258,141821,341680,2023,1.8,0.0,0.0,0,-1.3,5.6,0,추움,맑음,Sunday,6,1,2,겨울
2023-02-20,4728455,866270,909123,2023,-1.8,0.0,0.0,0,-4.9,2.3,0,추움,맑음,Monday,0,0,2,겨울
2023-02-21,4856055,879661,914111,2023,-0.8,0.0,0.0,0,-4.4,4.6,0,추움,맑음,Tuesday,1,0,2,겨울
2023-02-22,4940823,876076,910295,2023,2.0,0.0,0.0,0,-1.7,7.7,0,추움,맑음,Wednesday,2,0,2,겨울
2023-02-23,4955868,869915,900436,2023,4.0,0.0,0.0,0,1.4,8.8,0,추움,맑음,Thursday,3,0,2,겨울
2023-02-24,5131092,835648,925902,2023,2.1,0.0,0.0,0,-2.7,8.1,0,추움,맑음,Friday,4,0,2,겨울
2023-02-25,3675063,240922,460448,2023,0.5,0.0,0.0,0,-3.1,5.2,0,추움,맑음,Saturday,5,1,2,겨울
2023-02-26,2654863,155727,349511,2023,2.9,0.0,0.0,0,-1.7,8.6,0,추움,맑음,Sunday,6,1,2,겨울
2023-02-27,4786740,859476,898527,2023,4.5,0.0,0.0,0,-0.5,11.8,0,추움,맑음,Monday,0,0,2,겨울
2023-02-28,5068220,861475,925559,2023,6.2,0.0,0.0,0,3.8,8.5,0,쾌적,맑음,Tuesday,1,0,2,겨울
2023-03-01,2841057,171790,363888,2023,4.0,0.0,0.0,0,-1.5,8.9,0,추움,맑음,Wednesday,2,0,3,봄
2023-03-02,4930421,909351,895604,2023,1.9,0.0,0.0,0,-1.7,6.2,0,추움,맑음,Thursday,3,0,3,봄
2023-03-03,5099919,896680,932031,2023,6.4,0.0,0.0,0,3.8,9.9,0,쾌적,맑음,Friday,4,0,3,봄
2023-03-04,3547222,243181,425784,2023,7.4,0.0,0.0,0,2.6,14.1,0,쾌적,맑음,Saturday,5,1,3,봄
2023-03-05,2538410,149687,330308,2023,8.1,0.0,0.0,0,2.3,15.4,0,쾌적,맑음,Sunday,6,1,3,봄
2023-03-06,4915994,943939,918345,2023,10.4,0.0,0.0,0,6.3,15.9,0,쾌적,맑음,Monday,0,0,3,봄
2023-03-07,5045598,958087,924838,2023,11.9,0.0,0.0,0,7.5,19.2,0,쾌적,맑음,Tuesday,1,0,3,봄
2023-03-08,5056939,950591,909686,2023,13.7,4.8,2.5,1,9.7,17.0,1,쾌적,약한비,Wednesday,2,0,3,봄
2023-03-09,5061760,939452,915770,2023,8.7,0.1,0.1,0,6.2,11.9,0,쾌적,약한비,Thursday,3,0,3,봄
2023-03-10,5265543,905524,941468,2023,15.0,0.0,0.0,0,10.2,22.1,0,쾌적,맑음,Friday,4,0,3,봄
2023-03-11,3754930,251475,457029,2023,14.6,1.4,1.1,1,6.5,22.3,1,쾌적,약한비,Saturday,5,1,3,봄
2023-03-12,2362919,139237,317264,2023,2.5,4.2,1.6,3,-1.7,7.1,1,추움,약한비,Sunday,6,1,3,봄
2023-03-13,4898550,937846,923201,2023,4.6,0.0,0.0,0,2.1,7.4,0,추움,맑음,Monday,0,0,3,봄
2023-03-14,5097339,957221,939799,2023,10.5,0.0,0.0,0,6.6,15.1,0,쾌적,맑음,Tuesday,1,0,3,봄
2023-03-15,5086041,949097,911762,2023,6.5,0.0,0.0,0,0.6,14.4,0,쾌적,맑음,Wednesday,2,0,3,봄
2023-03-16,5126256,944183,915785,2023,4.7,0.0,0.0,0,0.9,8.7,0,추움,맑음,Thursday,3,0,3,봄
2023-03-17,5244512,898344,928387,2023,8.0,0.0,0.0,0,2.7,12.4,0,쾌적,맑음,Friday,4,0,3,봄
2023-03-18,3819592,256279,470043,2023,7.6,0.0,0.0,0,2.4,13.8,0,쾌적,맑음,Saturday,5,1,3,봄
2023-03-19,2785815,172172,354543,2023,8.3,0.0,0.0,0,2.9,14.9,0,쾌적,맑음,Sunday,6,1,3,봄
2023-03-20,4961361,939803,924794,2023,10.2,0.0,0.0,0,5.1,16.7,0,쾌적,맑음,Monday,0,0,3,봄
2023-03-21,5102400,962451,929266,2023,14.4,0.0,0.0,0,9.3,22.0,0,쾌적,맑음,Tuesday,1,0,3,봄
2023-03-22,5083589,944830,908469,2023,18.7,0.0,0.0,0,15.0,25.0,0,쾌적,맑음,Wednesday,2,0,3,봄
2023-03-23,5120063,941764,920333,2023,15.1,0.0,0.0,0,7.9,23.0,0,쾌적,맑음,Thursday,3,0,3,봄
2023-03-24,5298747,904092,939770,2023,12.8,0.0,0.0,0,8.2,18.3,0,쾌적,맑음,Friday,4,0,3,봄
2023-03-25,3919171,262804,477660,2023,12.0,0.0,0.0,0,7.0,18.6,0,쾌적,맑음,Saturday,5,1,3,봄
2023-03-26,2797268,163532,368275,2023,7.6,0.0,0.0,0,1.9,13.9,0,쾌적,맑음,Sunday,6,1,3,봄
2023-03-27,4978874,936938,925391,2023,7.6,0.0,0.0,0,2.9,14.1,0,쾌적,맑음,Monday,0,0,3,봄
2023-03-28,5166729,958383,941888,2023,9.9,0.0,0.0,0,5.3,15.3,0,쾌적,맑음,Tuesday,1,0,3,봄
2023-03-29,5152750,946787,923855,2023,12.4,0.0,0.0,0,6.5,19.5,0,쾌적,맑음,Wednesday,2,0,3,봄
2023-03-30,5196626,944403,920792,2023,13.6,0.0,0.0,0,7.7,20.9,0,쾌적,맑음,Thursday,3,0,3,봄
2023-03-31,5362854,900876,936222,2023,15.7,0.0,0.0,0,9.6,23.5,0,쾌적,맑음,Friday,4,0,3,봄
2023-04-01,3989686,262610,496831,2023,18.4,0.0,0.0,0,11.9,25.3,0,쾌적,맑음,Saturday,5,1,4,봄
2023-04-02,2942770,165559,386987,2023,18.6,0.0,0.0,0,11.5,25.0,0,쾌적,맑음,Sunday,6,1,4,봄
2023-04-03,5059079,944790,935785,2023,20.1,0.0,0.0,0,15.1,25.9,0,쾌적,맑음,Monday,0,0,4,봄
2023-04-04,5107672,961857,941371,2023,16.1,35.2,4.2,13,12.1,21.7,1,쾌적,강한비,Tuesday,1,0,4,봄
2023-04-05,4826796,935005,898104,2023,10.6,22.4,8.4,5,8.8,14.8,1,쾌적,강한비,Wednesday,2,0,4,봄
2023-04-06,5080682,944098,926252,2023,7.9,2.3,1.4,3,5.5,9.6,1,쾌적,약한비,Thursday,3,0,4,봄
2023-04-07,5325487,900784,957584,2023,8.3,0.0,0.0,0,3.2,14.9,0,쾌적,맑음,Friday,4,0,4,봄
2023-04-08,3854415,274625,486555,2023,9.0,0.0,0.0,0,3.6,14.7,0,쾌적,맑음,Saturday,5,1,4,봄
2023-04-09,2767881,167626,364022,2023,11.5,0.0,0.0,0,6.3,17.5,0,쾌적,맑음,Sunday,6,1,4,봄
2023-04-10,4982155,941798,925372,2023,15.4,0.0,0.0,0,12.9,18.7,0,쾌적,맑음,Monday,0,0,4,봄
2023-04-11,4866038,953212,902411,2023,10.2,2.9,2.6,0,4.9,16.8,0,쾌적,약한비,Tuesday,1,0,4,봄
2023-04-12,5139001,950770,921886,2023,10.2,0.0,0.0,0,5.2,15.0,0,쾌적,맑음,Wednesday,2,0,4,봄
2023-04-13,5115415,948143,910911,2023,11.4,-1.0,0.0,0,-5.0,17.1,0,쾌적,약한비,Thursday,3,0,4,봄
2023-04-14,5201965,886976,907234,2023,16.6,0.0,0.0,0,13.6,21.2,0,쾌적,맑음,Friday,4,0,4,봄
2023-04-15,3507258,254954,430919,2023,11.3,4.6,3.0,3,7.5,16.1,1,쾌적,약한비,Saturday,5,1,4,봄
2023-04-16,2601291,159398,334157,2023,10.9,0.0,0.0,1,7.0,16.0,1,쾌적,맑음,Sunday,6,1,4,봄
2023-04-17,4899029,933358,904537,2023,14.8,0.9,0.4,1,10.7,17.8,1,쾌적,약한비,Monday,0,0,4,봄
2023-04-18,4919417,945044,903287,2023,14.0,0.6,0.5,1,10.8,18.2,1,쾌적,약한비,Tuesday,1,0,4,봄
2023-04-19,5128284,946150,906814,2023,19.9,0.5,0.4,1,14.8,28.3,1,쾌적,약한비,Wednesday,2,0,4,봄
2023-04-20,5047283,933052,886337,2023,14.9,0.0,0.0,0,11.5,17.4,0,쾌적,맑음,Thursday,3,0,4,봄
2023-04-21,5187187,887456,901285,2023,16.8,0.0,0.0,0,12.3,22.4,0,쾌적,맑음,Friday,4,0,4,봄
2023-04-22,3647381,266541,433737,2023,16.6,0.0,0.0,0,10.8,22.2,0,쾌적,맑음,Saturday,5,1,4,봄
2023-04-23,2604703,168820,332115,2023,16.8,0.0,0.0,0,12.9,21.7,0,쾌적,맑음,Sunday,6,1,4,봄
2023-04-24,4887978,931314,895588,2023,14.9,0.0,0.0,0,10.1,20.9,0,쾌적,맑음,Monday,0,0,4,봄
2023-04-25,4959703,943590,896751,2023,10.5,0.4,0.4,1,9.0,13.1,1,쾌적,약한비,Tuesday,1,0,4,봄
2023-04-26,5130317,940539,911415,2023,9.1,0.0,0.0,0,5.2,13.3,0,쾌적,맑음,Wednesday,2,0,4,봄
2023-04-27,5210390,942235,912252,2023,14.2,0.0,0.0,0,9.0,19.9,0,쾌적,맑음,Thursday,3,0,4,봄
2023-04-28,5385682,898388,909039,2023,17.1,19.9,4.6,9,15.4,20.5,1,쾌적,보통비,Friday,4,0,4,봄
2023-04-29,3460349,248451,423844,2023,10.9,7.1,2.8,3,7.9,14.6,1,쾌적,보통비,Saturday,5,1,4,봄
2023-04-30,2973108,176241,395063,2023,13.3,0.1,0.1,1,9.9,17.6,1,쾌적,약한비,Sunday,6,1,4,봄
2023-05-01,3489039,339655,454384,2023,14.6,0.0,0.0,0,9.2,20.6,0,쾌적,맑음,Monday,0,0,5,봄
2023-05-02,5110647,952971,928532,2023,18.1,0.0,0.0,0,12.5,23.5,0,쾌적,맑음,Tuesday,1,0,5,봄
2023-05-03,5229311,953049,927614,2023,20.2,0.0,0.0,0,15.6,26.1,0,쾌적,맑음,Wednesday,2,0,5,봄
2023-05-04,5364924,931790,953135,2023,21.8,5.4,1.6,6,18.2,25.7,1,쾌적,보통비,Thursday,3,0,5,봄
2023-05-05,2555809,167538,309336,2023,16.6,59.8,9.0,19,11.7,20.4,1,쾌적,폭우,Friday,4,0,5,봄
2023-05-06,2911325,202882,359384,2023,12.5,13.1,4.3,4,11.8,14.2,1,쾌적,보통비,Saturday,5,1,5,봄
2023-05-07,2632422,157105,337013,2023,13.5,0.0,0.0,0,7.9,18.3,0,쾌적,맑음,Sunday,6,1,5,봄
2023-05-08,4912941,921286,931850,2023,15.8,0.0,0.0,0,10.2,21.6,0,쾌적,맑음,Monday,0,0,5,봄
2023-05-09,5135535,958079,925599,2023,17.1,0.0,0.0,0,10.7,23.8,0,쾌적,맑음,Tuesday,1,0,5,봄
2023-05-10,5172669,953992,919894,2023,19.2,0.0,0.0,0,12.9,25.9,0,쾌적,맑음,Wednesday,2,0,5,봄
2023-05-11,5200153,948104,912728,2023,19.5,0.0,0.0,0,13.4,26.5,0,쾌적,맑음,Thursday,3,0,5,봄
2023-05-12,5443989,916996,932468,2023,18.2,0.0,0.0,0,12.6,24.6,0,쾌적,맑음,Friday,4,0,5,봄
2023-05-13,3989890,284086,481588,2023,17.9,0.0,0.0,0,13.0,23.9,0,쾌적,맑음,Saturday,5,1,5,봄
2023-05-14,2867969,174491,361693,2023,18.1,0.0,0.0,0,12.9,23.4,0,쾌적,맑음,Sunday,6,1,5,봄
2023-05-15,5002889,939964,911014,2023,22.1,0.0,0.0,0,17.2,27.6,0,쾌적,맑음,Monday,0,0,5,봄
2023-05-16,5174584,958222,930147,2023,24.4,0.0,0.0,0,18.8,30.8,0,쾌적,맑음,Tuesday,1,0,5,봄
2023-05-17,5212917,951113,915347,2023,23.4,0.0,0.0,0,19.3,28.7,0,쾌적,맑음,Wednesday,2,0,5,봄
2023-05-18,5089620,935540,890804,2023,20.8,1.3,1.2,1,16.8,27.3,1,쾌적,약한비,Thursday,3,0,5,봄
2023-05-19,5389045,904480,921276,2023,22.8,0.0,0.0,0,17.8,27.8,0,쾌적,맑음,Friday,4,0,5,봄
2023-05-20,4113142,289384,487928,2023,19.9,0.2,0.1,1,15.3,26.7,1,쾌적,약한비,Saturday,5,1,5,봄
2023-05-21,2847196,171324,367854,2023,18.1,0.0,0.0,0,15.9,21.5,0,쾌적,맑음,Sunday,6,1,5,봄
2023-05-22,4943410,930695,915301,2023,20.3,0.0,0.0,0,14.2,26.6,0,쾌적,맑음,Monday,0,0,5,봄
2023-05-23,5113925,951768,913640,2023,20.8,0.0,0.0,0,15.0,26.6,0,쾌적,맑음,Tuesday,1,0,5,봄
2023-05-24,5140988,944991,903586,2023,20.9,0.0,0.0,0,15.9,25.7,0,쾌적,맑음,Wednesday,2,0,5,봄
2023-05-25,5219576,942500,908013,2023,20.9,0.5,0.5,0,15.9,27.0,0,쾌적,약한비,Thursday,3,0,5,봄
2023-05-26,5288649,885870,901689,2023,22.2,0.0,0.0,0,18.7,27.1,0,쾌적,맑음,Friday,4,0,5,봄
2023-05-27,3214247,220818,379962,2023,19.0,46.9,5.0,19,18.5,20.6,1,쾌적,강한비,Saturday,5,1,5,봄
2023-05-28,2425635,141990,309752,2023,19.5,28.8,4.5,18,18.9,21.1,1,쾌적,강한비,Sunday,6,1,5,봄
2023-05-29,2804574,198226,359802,2023,23.9,0.0,0.0,0,20.6,28.3,0,쾌적,맑음,Monday,0,0,5,봄
2023-05-30,4999493,940811,898399,2023,23.4,0.0,0.0,0,18.9,28.7,0,쾌적,맑음,Tuesday,1,0,5,봄
2023-05-31,5073145,946456,901734,2023,23.0,0.0,0.0,0,19.7,27.9,0,쾌적,맑음,Wednesday,2,0,5,봄
2023-06-01,5066429,938622,899436,2023,22.0,0.0,0.0,0,18.0,25.9,0,쾌적,맑음,Thursday,3,0,6,여름
2023-06-02,5207844,903852,923815,2023,20.3,0.0,0.0,0,16.6,24.8,0,쾌적,맑음,Friday,4,0,6,여름
2023-06-03,3734999,269578,426463,2023,21.8,0.0,0.0,0,16.9,27.6,0,쾌적,맑음,Saturday,5,1,6,여름
2023-06-04,2696694,167442,334752,2023,22.5,0.0,0.0,0,17.7,27.9,0,쾌적,맑음,Sunday,6,1,6,여름
2023-06-05,4592585,736073,789516,2023,21.2,0.0,0.0,0,17.4,25.9,0,쾌적,맑음,Monday,0,0,6,여름
2023-06-06,2769815,185684,341589,2023,20.7,0.0,0.0,0,19.0,24.9,0,쾌적,맑음,Tuesday,1,0,6,여름
2023-06-07,4975433,937953,903537,2023,21.3,0.0,0.0,0,18.4,25.5,0,쾌적,맑음,Wednesday,2,0,6,여름
2023-06-08,5002173,937776,890750,2023,20.6,3.1,0.9,3,18.4,23.9,1,쾌적,약한비,Thursday,3,0,6,여름
2023-06-09,5179417,906387,914730,2023,24.1,0.0,0.0,0,20.3,28.3,0,쾌적,맑음,Friday,4,0,6,여름
2023-06-10,3542345,271368,392076,2023,21.9,33.0,16.1,5,18.0,28.2,1,쾌적,강한비,Saturday,5,1,6,여름
2023-06-11,2515764,156283,316069,2023,22.6,0.0,0.0,0,18.5,27.2,0,쾌적,맑음,Sunday,6,1,6,여름
2023-06-12,4871062,929099,887406,2023,22.4,0.0,0.0,0,19.2,27.4,0,쾌적,맑음,Monday,0,0,6,여름
2023-06-13,5045734,946585,900309,2023,21.5,0.0,0.0,0,17.5,26.0,0,쾌적,맑음,Tuesday,1,0,6,여름
2023-06-14,5049545,931163,893517,2023,21.0,30.6,18.9,1,17.8,24.8,1,쾌적,강한비,Wednesday,2,0,6,여름
2023-06-15,5083280,920880,889848,2023,22.9,0.0,0.0,0,19.1,28.2,0,쾌적,맑음,Thursday,3,0,6,여름
2023-06-16,5240258,883756,906849,2023,23.8,0.0,0.0,0,19.0,28.7,0,쾌적,맑음,Friday,4,0,6,여름
2023-06-17,3859949,272168,450116,2023,24.7,0.0,0.0,0,20.9,30.2,0,쾌적,맑음,Saturday,5,1,6,여름
2023-06-18,2720502,171749,339155,2023,26.9,0.0,0.0,0,23.3,32.3,0,더움,맑음,Sunday,6,1,6,여름
2023-06-19,4798039,910145,891565,2023,28.5,0.0,0.0,0,24.3,33.7,0,더움,맑음,Monday,0,0,6,여름
2023-06-20,4961289,926054,892120,2023,22.8,30.4,8.0,13,19.2,26.2,1,쾌적,강한비,Tuesday,1,0,6,여름
2023-06-21,4925589,905910,887256,2023,20.6,0.8,0.3,0,19.0,22.5,0,쾌적,약한비,Wednesday,2,0,6,여름
2023-06-22,5091894,911329,893349,2023,22.8,0.0,0.0,0,20.1,25.8,0,쾌적,맑음,Thursday,3,0,6,여름
2023-06-23,5265209,870192,914938,2023,22.1,-1.0,0.0,0,-5.0,29.4,0,쾌적,약한비,Friday,4,0,6,여름
2023-06-24,3801782,270831,436543,2023,26.9,0.0,0.0,0,22.8,30.9,0,더움,맑음,Saturday,5,1,6,여름
2023-06-25,2658895,166700,335221,2023,28.1,14.9,10.9,4,22.4,32.8,1,더움,보통비,Sunday,6,1,6,여름
2023-06-26,4651075,888258,887310,2023,23.5,17.9,4.0,5,21.4,25.5,1,쾌적,보통비,Monday,0,0,6,여름
2023-06-27,4954138,914568,899084,2023,26.2,0.0,0.0,0,24.2,28.9,0,더움,맑음,Tuesday,1,0,6,여름
2023-06-28,4990803,910435,897073,2023,26.8,5.9,4.4,2,25.0,29.9,1,더움,보통비,Wednesday,2,0,6,여름
2023-06-29,4624458,893202,849426,2023,23.7,58.5,20.1,10,23.2,24.9,1,쾌적,폭우,Thursday,3,0,6,여름
2023-06-30,5144154,867302,896176,2023,25.7,0.4,0.3,2,23.4,29.0,1,더움,약한비,Friday,4,0,6,여름
2023-07-01,3622290,256703,420190,2023,27.5,0.0,0.0,0,23.6,32.7,0,더움,맑음,Saturday,5,1,7,여름
2023-07-02,2561079,160231,314507,2023,27.0,0.0,0.0,0,24.2,30.6,0,더움,맑음,Sunday,6,1,7,여름
2023-07-03,4781881,910100,905254,2023,29.6,0.0,0.0,0,25.7,34.9,0,더움,맑음,Monday,0,0,7,여름
2023-07-04,4810103,923515,900258,2023,25.0,77.1,28.0,11,22.2,28.8,1,쾌적,폭우,Tuesday,1,0,7,여름
2023-07-05,4977370,912906,907782,2023,24.6,0.0,0.0,0,22.4,27.1,0,쾌적,맑음,Wednesday,2,0,7,여름
2023-07-06,5041041,917241,907654,2023,27.8,0.0,0.0,0,24.1,31.6,0,더움,맑음,Thursday,3,0,7,여름
2023-07-07,5166466,878899,919280,2023,26.0,0.0,0.0,0,22.4,31.1,0,더움,맑음,Friday,4,0,7,여름
2023-07-08,3618521,255806,425280,2023,26.6,0.0,0.0,0,25.1,29.4,0,더움,맑음,Saturday,5,1,7,여름
2023-07-09,2333361,154683,297853,2023,24.1,59.0,24.5,4,21.8,26.4,1,쾌적,폭우,Sunday,6,1,7,여름
2023-07-10,4752209,896529,896627,2023,27.0,3.0,3.0,1,25.0,30.8,1,더움,약한비,Monday,0,0,7,여름
2023-07-11,4679196,915327,868214,2023,22.7,56.0,13.2,10,21.7,25.0,1,쾌적,폭우,Tuesday,1,0,7,여름
2023-07-12,4997173,912320,905830,2023,26.7,0.1,0.1,0,25.3,28.9,0,더움,약한비,Wednesday,2,0,7,여름
2023-07-13,4717868,903894,859460,2023,24.8,152.2,23.6,19,24.0,26.4,1,쾌적,폭우,Thursday,3,0,7,여름
2023-07-14,4847762,856617,873662,2023,24.5,13.4,3.3,8,24.3,25.1,1,쾌적,보통비,Friday,4,0,7,여름
2023-07-15,3304981,232406,375910,2023,24.4,0.9,0.5,2,23.7,25.6,1,쾌적,약한비,Saturday,5,1,7,여름
2023-07-16,2447693,148507,314045,2023,24.6,9.6,9.6,0,23.7,25.3,0,쾌적,보통비,Sunday,6,1,7,여름
2023-07-17,4755712,894452,887786,2023,25.6,2.1,1.5,2,24.2,27.5,1,더움,약한비,Monday,0,0,7,여름
2023-07-18,4825335,906536,889724,2023,24.9,1.6,0.5,3,22.5,27.5,1,쾌적,약한비,Tuesday,1,0,7,여름
2023-07-19,5000053,902042,905019,2023,27.7,0.0,0.0,0,24.1,32.2,0,더움,맑음,Wednesday,2,0,7,여름
2023-07-20,5036832,894026,900427,2023,28.2,0.0,0.0,0,24.7,32.7,0,더움,맑음,Thursday,3,0,7,여름
2023-07-21,5098757,851874,900481,2023,30.0,0.0,0.0,0,26.2,34.1,0,더움,맑음,Friday,4,0,7,여름
2023-07-22,3438244,253407,400124,2023,26.8,39.3,9.9,8,24.6,32.2,1,더움,강한비,Saturday,5,1,7,여름
2023-07-23,2187278,135859,281237,2023,25.3,13.6,4.4,7,24.6,26.1,1,더움,보통비,Sunday,6,1,7,여름
2023-07-24,4688296,859768,885355,2023,27.3,0.1,0.1,0,25.8,29.9,0,더움,약한비,Monday,0,0,7,여름
2023-07-25,4821647,873889,885986,2023,27.6,5.5,5.5,0,24.9,30.1,0,더움,보통비,Tuesday,1,0,7,여름
2023-07-26,4853194,864304,887488,2023,27.4,1.0,1.0,0,24.5,30.8,0,더움,약한비,Wednesday,2,0,7,여름
2023-07-27,4890594,855433,881975,2023,28.8,0.0,0.0,0,25.5,32.0,0,더움,맑음,Thursday,3,0,7,여름
2023-07-28,4913714,815716,870667,2023,29.6,0.0,0.0,0,26.1,34.1,0,더움,맑음,Friday,4,0,7,여름
2023-07-29,3288743,241444,386527,2023,28.9,0.0,0.0,0,24.9,33.2,0,더움,맑음,Saturday,5,1,7,여름
2023-07-30,2487355,154218,334499,2023,28.5,25.1,15.1,3,25.3,34.9,1,더움,강한비,Sunday,6,1,7,여름
2023-07-31,4487361,799732,839717,2023,28.7,0.3,0.3,1,25.6,33.1,1,더움,약한비,Monday,0,0,7,여름
2023-08-01,4564969,819065,849292,2023,30.3,0.0,0.0,0,26.8,33.9,0,폭염,맑음,Tuesday,1,0,8,여름
2023-08-02,4534771,804375,837984,2023,29.3,0.0,0.0,0,25.8,33.2,0,더움,맑음,Wednesday,2,0,8,여름
2023-08-03,4567902,806653,837714,2023,29.7,0.0,0.0,0,26.5,33.5,0,더움,맑음,Thursday,3,0,8,여름
2023-08-04,4563982,770276,820944,2023,30.0,0.0,0.0,0,26.4,34.3,0,더움,맑음,Friday,4,0,8,여름
2023-08-05,3013321,231077,349823,2023,30.6,0.0,0.0,0,27.6,34.7,0,폭염,맑음,Saturday,5,1,8,여름
2023-08-06,2244146,151883,287502,2023,29.5,4.9,4.6,2,27.3,33.0,1,더움,약한비,Sunday,6,1,8,여름
2023-08-07,4449756,837280,859063,2023,30.3,0.0,0.0,0,26.4,34.3,0,폭염,맑음,Monday,0,0,8,여름
2023-08-08,4646683,853252,878084,2023,30.9,0.0,0.0,0,26.3,35.5,0,폭염,맑음,Tuesday,1,0,8,여름
2023-08-09,4696863,849853,875434,2023,27.1,5.7,1.9,5,22.8,31.5,1,더움,보통비,Wednesday,2,0,8,여름
2023-08-10,3839257,772214,660804,2023,21.9,99.7,13.6,22,20.9,23.0,1,쾌적,폭우,Thursday,3,0,8,여름
2023-08-11,4570252,784167,845201,2023,24.0,27.8,10.7,5,22.8,24.9,1,쾌적,강한비,Friday,4,0,8,여름
2023-08-12,3249761,234339,372364,2023,23.2,1.3,0.7,2,22.6,24.9,1,쾌적,약한비,Saturday,5,1,8,여름
2023-08-13,2482753,153452,317351,2023,27.8,0.0,0.0,0,24.9,30.8,0,더움,맑음,Sunday,6,1,8,여름
2023-08-14,4276291,666763,746993,2023,28.0,0.0,0.0,0,24.7,31.8,0,더움,맑음,Monday,0,0,8,여름
2023-08-15,2666681,177783,340115,2023,28.3,0.0,0.0,0,24.8,32.4,0,더움,맑음,Tuesday,1,0,8,여름
2023-08-16,4773364,863843,878373,2023,27.3,0.3,0.3,1,24.5,31.1,1,더움,약한비,Wednesday,2,0,8,여름
2023-08-17,4841045,876462,878833,2023,28.6,0.0,0.0,0,25.5,32.0,0,더움,맑음,Thursday,3,0,8,여름
2023-08-18,4962140,850421,905345,2023,29.3,0.1,0.1,1,26.5,33.2,1,더움,약한비,Friday,4,0,8,여름
2023-08-19,3418291,253451,395360,2023,28.7,0.0,0.0,0,25.6,33.3,0,더움,맑음,Saturday,5,1,8,여름
2023-08-20,2473850,159458,320983,2023,28.5,0.0,0.0,0,26.1,31.6,0,더움,맑음,Sunday,6,1,8,여름
2023-08-21,4657376,866011,887665,2023,29.8,0.3,0.3,0,27.4,33.6,0,더움,약한비,Monday,0,0,8,여름
2023-08-22,4726714,894426,880832,2023,27.1,42.4,23.4,4,25.7,31.4,1,더움,강한비,Tuesday,1,0,8,여름
2023-08-23,4633736,886413,866332,2023,23.8,46.9,15.1,9,22.4,27.0,1,쾌적,강한비,Wednesday,2,0,8,여름
2023-08-24,4839569,884395,881458,2023,25.8,0.0,0.0,0,24.0,27.7,0,더움,맑음,Thursday,3,0,8,여름
2023-08-25,5099643,857649,904788,2023,26.4,0.0,0.0,0,23.5,29.9,0,더움,맑음,Friday,4,0,8,여름
2023-08-26,3606225,256600,433046,2023,26.2,0.0,0.0,0,22.7,30.0,0,더움,맑음,Saturday,5,1,8,여름
2023-08-27,2606276,164300,336276,2023,25.5,6.8,2.8,6,20.8,29.6,1,더움,보통비,Sunday,6,1,8,여름
2023-08-28,4657707,886580,880698,2023,23.6,6.3,1.6,5,20.8,25.1,1,쾌적,보통비,Monday,0,0,8,여름
2023-08-29,4694360,902614,882332,2023,23.1,52.4,24.9,5,22.4,25.4,1,쾌적,폭우,Tuesday,1,0,8,여름
2023-08-30,4925639,903181,898883,2023,22.4,3.2,2.2,2,21.0,24.4,1,쾌적,약한비,Wednesday,2,0,8,여름
2023-08-31,4958715,898686,893527,2023,23.7,0.0,0.0,0,19.7,28.7,0,쾌적,맑음,Thursday,3,0,8,여름
2023-09-01,5188995,895188,923430,2023,24.6,0.0,0.0,0,19.8,29.5,0,쾌적,맑음,Friday,4,0,9,가을
2023-09-02,3722954,264952,442001,2023,26.1,0.1,0.1,0,23.1,30.5,0,더움,약한비,Saturday,5,1,9,가을
2023-09-03,2555528,157285,327951,2023,26.2,0.3,0.2,2,24.2,28.7,1,더움,약한비,Sunday,6,1,9,가을
2023-09-04,4904283,930130,912682,2023,27.4,0.0,0.0,0,25.1,30.2,0,더움,맑음,Monday,0,0,9,가을
2023-09-05,5066176,950398,936837,2023,28.2,0.0,0.0,0,24.1,32.6,0,더움,맑음,Tuesday,1,0,9,가을
2023-09-06,5105861,946254,923116,2023,27.0,0.0,0.0,0,21.1,32.1,0,더움,맑음,Wednesday,2,0,9,가을
2023-09-07,5144866,941748,913568,2023,25.8,0.0,0.0,0,19.7,31.6,0,더움,맑음,Thursday,3,0,9,가을
2023-09-08,5291497,901380,936920,2023,25.5,0.0,0.0,0,20.9,30.4,0,더움,맑음,Friday,4,0,9,가을
2023-09-09,3836624,277003,457916,2023,26.2,0.0,0.0,0,22.1,31.1,0,더움,맑음,Saturday,5,1,9,가을
2023-09-10,2694643,170113,344266,2023,25.8,0.0,0.0,0,23.1,29.3,0,더움,맑음,Sunday,6,1,9,가을
2023-09-11,4936057,936278,914086,2023,25.2,0.0,0.0,0,21.9,29.8,0,더움,맑음,Monday,0,0,9,가을
2023-09-12,5085261,958771,917348,2023,25.8,0.0,0.0,0,23.3,29.7,0,더움,맑음,Tuesday,1,0,9,가을
2023-09-13,5063663,947400,913912,2023,20.9,15.9,2.6,11,19.3,24.3,1,쾌적,보통비,Wednesday,2,0,9,가을
2023-09-14,5165510,944726,905270,2023,23.7,1.9,0.7,2,20.3,26.8,1,쾌적,약한비,Thursday,3,0,9,가을
2023-09-15,5194025,900154,913776,2023,22.8,0.5,0.3,1,21.4,24.1,1,쾌적,약한비,Friday,4,0,9,가을
2023-09-16,3712964,268914,436544,2023,23.9,41.4,25.6,5,22.0,26.5,1,쾌적,강한비,Saturday,5,1,9,가을
2023-09-17,2693135,167635,346259,2023,24.8,0.0,0.0,0,22.1,27.8,0,쾌적,맑음,Sunday,6,1,9,가을
2023-09-18,4979557,942902,912244,2023,24.4,0.0,0.0,0,21.7,28.5,0,쾌적,맑음,Monday,0,0,9,가을
2023-09-19,5106630,960944,908999,2023,24.2,2.7,1.1,7,21.4,27.2,1,쾌적,약한비,Tuesday,1,0,9,가을
2023-09-20,4996442,945948,896571,2023,19.3,33.1,7.8,9,18.1,21.7,1,쾌적,강한비,Wednesday,2,0,9,가을
2023-09-21,5178807,946227,903859,2023,19.2,0.0,0.0,0,15.3,23.4,0,쾌적,맑음,Thursday,3,0,9,가을
2023-09-22,5386006,909612,939632,2023,20.9,0.0,0.0,0,16.5,26.5,0,쾌적,맑음,Friday,4,0,9,가을
2023-09-23,3892462,280315,467964,2023,22.2,0.0,0.0,0,18.0,27.5,0,쾌적,맑음,Saturday,5,1,9,가을
2023-09-24,2732220,174326,343599,2023,21.7,0.3,0.2,1,17.9,25.9,1,쾌적,약한비,Sunday,6,1,9,가을
2023-09-25,5036462,942318,905720,2023,21.6,18.2,4.7,10,18.7,25.9,1,쾌적,보통비,Monday,0,0,9,가을
2023-09-26,5142024,941359,921559,2023,20.4,15.3,2.1,19,19.7,20.9,1,쾌적,보통비,Tuesday,1,0,9,가을
2023-09-27,4982495,876169,662641,2023,21.6,0.3,0.2,1,19.6,23.4,1,쾌적,약한비,Wednesday,2,0,9,가을
2023-09-28,2073818,141193,256666,2023,21.8,0.0,0.0,0,17.5,27.0,0,쾌적,맑음,Thursday,3,0,9,가을
2023-09-29,1684786,110755,221180,2023,21.4,0.3,0.3,1,18.7,26.6,1,쾌적,약한비,Friday,4,0,9,가을
2023-09-30,2089036,111131,280424,2023,18.4,4.2,3.5,1,14.4,22.2,1,쾌적,약한비,Saturday,5,1,9,가을
2023-10-01,2487735,135560,329734,2023,17.9,0.0,0.0,0,13.0,23.5,0,쾌적,맑음,Sunday,6,1,10,가을
2023-10-02,2835325,183028,372568,2023,18.5,0.0,0.0,0,14.4,24.4,0,쾌적,맑음,Monday,0,0,10,가을
2023-10-03,2505663,155604,340713,2023,17.4,0.0,0.0,0,14.2,22.3,0,쾌적,맑음,Tuesday,1,0,10,가을
2023-10-04,4886890,938293,918571,2023,16.0,14.7,11.3,2,10.1,23.0,1,쾌적,보통비,Wednesday,2,0,10,가을
2023-10-05,5070091,951422,926254,2023,14.1,0.0,0.0,0,9.7,18.9,0,쾌적,맑음,Thursday,3,0,10,가을
2023-10-06,5276040,918151,941072,2023,16.1,0.0,0.0,0,11.9,21.0,0,쾌적,맑음,Friday,4,0,10,가을
2023-10-07,3950691,275678,474522,2023,17.7,0.0,0.0,0,15.2,21.2,0,쾌적,맑음,Saturday,5,1,10,가을
2023-10-08,2950314,177551,371016,2023,17.2,0.5,0.3,3,15.5,19.4,1,쾌적,약한비,Sunday,6,1,10,가을
2023-10-09,2789890,178553,361220,2023,16.3,0.7,0.7,1,11.9,22.2,1,쾌적,약한비,Monday,0,0,10,가을
2023-10-10,5067187,957523,924115,2023,17.5,0.0,0.0,0,13.0,23.2,0,쾌적,맑음,Tuesday,1,0,10,가을
2023-10-11,5161456,960875,924440,2023,17.3,0.0,0.0,0,12.0,23.8,0,쾌적,맑음,Wednesday,2,0,10,가을
2023-10-12,5195512,958479,911193,2023,18.2,0.0,0.0,0,14.3,23.7,0,쾌적,맑음,Thursday,3,0,10,가을
2023-10-13,5414105,914950,946555,2023,17.2,1.5,1.1,2,13.4,21.4,1,쾌적,약한비,Friday,4,0,10,가을
2023-10-14,3646354,265547,446103,2023,14.0,4.3,2.2,3,11.1,17.7,1,쾌적,약한비,Saturday,5,1,10,가을
2023-10-15,2908424,179077,374888,2023,16.5,0.0,0.0,0,11.9,20.8,0,쾌적,맑음,Sunday,6,1,10,가을
2023-10-16,4985447,941102,911411,2023,13.2,0.0,0.0,0,7.5,19.1,0,쾌적,맑음,Monday,0,0,10,가을
2023-10-17,5138875,961107,925775,2023,14.2,0.0,0.0,0,9.2,20.6,0,쾌적,맑음,Tuesday,1,0,10,가을
2023-10-18,5168080,953915,909900,2023,17.9,8.0,7.3,2,15.7,21.4,1,쾌적,보통비,Wednesday,2,0,10,가을
2023-10-19,5027855,937082,893122,2023,15.4,0.2,0.2,0,10.1,18.8,0,쾌적,약한비,Thursday,3,0,10,가을
2023-10-20,5408386,902912,945309,2023,7.4,0.0,1.0,1,-5.0,14.9,1,쾌적,맑음,Friday,4,0,10,가을
2023-10-21,3912002,277046,476454,2023,10.4,0.0,0.0,0,5.4,16.4,0,쾌적,맑음,Saturday,5,1,10,가을
2023-10-22,2844831,177205,360893,2023,14.2,0.0,0.0,0,11.2,18.4,0,쾌적,맑음,Sunday,6,1,10,가을
2023-10-23,4945897,934325,897740,2023,15.3,0.0,0.0,0,11.3,20.9,0,쾌적,맑음,Monday,0,0,10,가을
2023-10-24,5068339,952026,906339,2023,15.8,0.0,0.0,0,12.7,19.0,0,쾌적,맑음,Tuesday,1,0,10,가을
2023-10-25,5158175,945464,906046,2023,17.3,0.0,0.0,0,15.5,21.4,0,쾌적,맑음,Wednesday,2,0,10,가을
2023-10-26,5123337,932137,891987,2023,16.8,0.0,0.0,0,13.0,20.7,0,쾌적,맑음,Thursday,3,0,10,가을
2023-10-27,5345187,889219,912756,2023,14.3,0.0,0.0,0,9.5,19.8,0,쾌적,맑음,Friday,4,0,10,가을
2023-10-28,3971705,289738,479200,2023,14.2,0.0,0.0,0,9.8,20.6,0,쾌적,맑음,Saturday,5,1,10,가을
2023-10-29,2887637,178558,371484,2023,14.9,0.0,0.0,0,9.7,21.7,0,쾌적,맑음,Sunday,6,1,10,가을
2023-10-30,4966498,930238,897651,2023,15.8,0.0,0.0,0,12.7,21.6,0,쾌적,맑음,Monday,0,0,10,가을
2023-10-31,5092241,951324,904634,2023,17.9,0.0,0.0,0,15.4,20.4,0,쾌적,맑음,Tuesday,1,0,10,가을
2023-11-01,5022142,946359,899872,2023,19.5,0.0,0.0,0,18.5,20.5,0,쾌적,맑음,Wednesday,2,0,11,가을
2023-11-02,5147502,945547,909435,2023,20.7,0.0,0.0,0,18.4,25.5,0,쾌적,맑음,Thursday,3,0,11,가을
2023-11-03,5225651,898745,910411,2023,18.3,8.5,8.2,2,14.2,22.2,1,쾌적,보통비,Friday,4,0,11,가을
2023-11-04,3861977,277426,458182,2023,17.5,4.7,4.1,3,15.1,20.7,1,쾌적,약한비,Saturday,5,1,11,가을
2023-11-05,2606222,162587,321914,2023,18.2,46.5,14.3,13,15.3,20.3,1,쾌적,강한비,Sunday,6,1,11,가을
2023-11-06,4800444,921705,898686,2023,9.0,5.0,2.5,9,3.7,15.4,1,쾌적,보통비,Monday,0,0,11,가을
2023-11-07,5094241,954129,922621,2023,5.2,0.0,0.0,0,1.9,9.8,0,쾌적,맑음,Tuesday,1,0,11,가을
2023-11-08,5178846,948560,919387,2023,9.7,0.0,0.0,0,6.0,16.0,0,쾌적,맑음,Wednesday,2,0,11,가을
2023-11-09,5033490,938456,849176,2023,10.0,5.1,4.7,2,-0.2,18.3,1,쾌적,보통비,Thursday,3,0,11,가을
2023-11-10,5174062,881576,897336,2023,2.1,0.0,0.0,0,-1.7,7.3,0,추움,맑음,Friday,4,0,11,가을
2023-11-11,3879418,259591,468698,2023,1.6,0.0,0.0,1,-1.8,6.4,1,추움,맑음,Saturday,5,1,11,가을
2023-11-12,2675406,158626,338225,2023,1.2,0.0,0.0,0,-2.1,5.5,0,추움,맑음,Sunday,6,1,11,가을
2023-11-13,4886282,918420,890681,2023,2.5,0.0,0.0,0,-0.6,6.5,0,추움,맑음,Monday,0,0,11,가을
2023-11-14,5030657,938763,900977,2023,5.9,0.0,0.0,0,2.0,10.6,0,쾌적,맑음,Tuesday,1,0,11,가을
2023-11-15,5142014,931250,897512,2023,8.4,0.0,0.0,0,6.3,12.5,0,쾌적,맑음,Wednesday,2,0,11,가을
2023-11-16,4977036,841940,903879,2023,5.1,8.4,1.8,9,0.7,7.4,1,쾌적,보통비,Thursday,3,0,11,가을
2023-11-17,5234782,855923,909145,2023,-0.0,0.0,0.0,0,-3.6,5.0,0,추움,맑음,Friday,4,0,11,가을
2023-11-18,3760287,256857,453493,2023,2.0,0.0,0.0,0,-0.2,5.7,0,추움,맑음,Saturday,5,1,11,가을
2023-11-19,2778525,164075,345128,2023,6.4,0.0,0.0,0,1.8,13.4,0,쾌적,맑음,Sunday,6,1,11,가을
2023-11-20,4949201,913143,899330,2023,6.2,0.0,0.0,0,1.5,12.7,0,쾌적,맑음,Monday,0,0,11,가을
2023-11-21,5082663,941164,906931,2023,7.9,0.0,0.0,0,2.9,14.4,0,쾌적,맑음,Tuesday,1,0,11,가을
2023-11-22,5116021,930744,895720,2023,12.1,0.1,0.1,1,7.5,14.8,1,쾌적,약한비,Wednesday,2,0,11,가을
2023-11-23,5154134,926335,898814,2023,5.2,0.0,0.0,0,-2.9,14.1,0,쾌적,맑음,Thursday,3,0,11,가을
2023-11-24,5265582,869482,900804,2023,-2.5,0.0,0.0,0,-5.7,1.9,0,추움,맑음,Friday,4,0,11,가을
2023-11-25,3756663,251056,460822,2023,0.7,0.0,0.0,0,-1.6,3.7,0,추움,맑음,Saturday,5,1,11,가을
2023-11-26,2706082,161322,336966,2023,5.5,2.3,0.6,6,3.0,7.2,1,쾌적,약한비,Sunday,6,1,11,가을
2023-11-27,4851984,901886,886491,2023,5.0,1.3,1.0,1,-0.3,9.2,1,추움,약한비,Monday,0,0,11,가을
2023-11-28,5076841,934345,901254,2023,-0.2,0.0,0.0,0,-3.8,3.5,0,추움,맑음,Tuesday,1,0,11,가을
2023-11-29,5098224,925014,895893,2023,-2.4,0.0,0.0,0,-7.0,2.8,0,추움,맑음,Wednesday,2,0,11,가을
2023-11-30,5013155,913857,885689,2023,-4.0,0.0,0.0,0,-6.6,-0.7,0,추움,맑음,Thursday,3,0,11,가을
2023-12-01,5215878,879545,908380,2023,-2.0,0.0,0.0,0,-4.1,0.3,0,추움,맑음,Friday,4,0,12,겨울
2023-12-02,3706465,240714,429716,2023,2.4,0.0,0.0,0,-2.6,7.7,0,추움,맑음,Saturday,5,1,12,겨울
2023-12-03,2666363,151449,330144,2023,0.7,0.0,0.0,0,-2.8,5.6,0,추움,맑음,Sunday,6,1,12,겨울
2023-12-04,4904519,915093,887796,2023,4.9,0.0,0.0,0,1.2,9.0,0,추움,맑음,Monday,0,0,12,겨울
2023-12-05,5067043,933747,890857,2023,6.9,0.0,0.0,0,3.9,12.2,0,쾌적,맑음,Tuesday,1,0,12,겨울
2023-12-06,5031863,923293,873048,2023,5.3,3.8,2.7,2,0.9,8.6,1,쾌적,약한비,Wednesday,2,0,12,겨울
2023-12-07,5139339,921194,875055,2023,7.8,0.0,0.0,0,4.7,11.4,0,쾌적,맑음,Thursday,3,0,12,겨울
2023-12-08,5270064,869274,890531,2023,13.7,0.0,0.0,0,9.0,16.7,0,쾌적,맑음,Friday,4,0,12,겨울
2023-12-09,3854869,239846,449529,2023,12.3,0.0,0.0,0,6.7,16.1,0,쾌적,맑음,Saturday,5,1,12,겨울
2023-12-10,2719525,152562,332278,2023,12.2,1.2,0.5,5,9.1,15.4,1,쾌적,약한비,Sunday,6,1,12,겨울
2023-12-11,4800546,895547,868701,2023,6.6,10.6,2.1,9,3.9,11.2,1,쾌적,보통비,Monday,0,0,12,겨울
2023-12-12,5115348,923545,886469,2023,5.0,0.0,0.0,0,2.7,9.2,0,추움,맑음,Tuesday,1,0,12,겨울
2023-12-13,5182431,918565,878931,2023,8.6,0.1,0.1,1,5.8,10.3,1,쾌적,약한비,Wednesday,2,0,12,겨울
2023-12-14,5133378,907208,871798,2023,6.6,40.0,4.3,21,5.0,7.8,1,쾌적,강한비,Thursday,3,0,12,겨울
2023-12-15,5259266,852629,885935,2023,3.0,9.5,3.3,11,-2.0,5.1,1,추움,보통비,Friday,4,0,12,겨울
2023-12-16,3996496,247316,470243,2023,-7.8,0.0,0.0,0,-12.3,-2.3,0,한파,맑음,Saturday,5,1,12,겨울
2023-12-17,2598805,143966,332635,2023,-9.7,0.0,0.0,0,-12.1,-6.5,0,한파,맑음,Sunday,6,1,12,겨울
2023-12-18,4838861,868721,872041,2023,-6.1,0.0,0.0,0,-8.3,-3.5,0,한파,맑음,Monday,0,0,12,겨울
2023-12-19,5126746,896087,891470,2023,-3.2,1.1,0.7,3,-7.3,0.0,1,추움,약한비,Tuesday,1,0,12,겨울
2023-12-20,5221246,913701,899015,2023,-9.9,0.0,0.0,0,-14.2,-5.1,0,한파,맑음,Wednesday,2,0,12,겨울
2023-12-21,4986828,870922,864648,2023,-11.8,0.0,0.0,0,-14.6,-8.3,0,한파,맑음,Thursday,3,0,12,겨울
2023-12-22,5151793,804097,871757,2023,-10.8,0.0,0.0,0,-13.0,-8.0,0,한파,맑음,Friday,4,0,12,겨울
2023-12-23,3664742,214203,463397,2023,-4.2,1.1,0.7,1,-8.3,-1.3,1,추움,약한비,Saturday,5,1,12,겨울
2023-12-24,3163689,140519,453089,2023,-0.8,0.5,0.3,2,-3.6,2.5,1,추움,약한비,Sunday,6,1,12,겨울
2023-12-25,2952102,139092,412704,2023,-0.7,0.2,0.2,0,-2.5,2.0,0,추움,약한비,Monday,0,0,12,겨울
2023-12-26,4862005,807822,848708,2023,1.8,0.0,0.0,0,-2.6,7.1,0,추움,맑음,Tuesday,1,0,12,겨울
2023-12-27,5035765,830517,856604,2023,1.8,0.0,0.0,0,-1.5,6.7,0,추움,맑음,Wednesday,2,0,12,겨울
2023-12-28,4976431,806497,824663,2023,1.4,0.0,0.0,0,-1.3,4.2,0,추움,맑음,Thursday,3,0,12,겨울
2023-12-29,4969266,722832,693650,2023,1.5,0.5,0.5,1,-0.7,4.4,1,추움,약한비,Friday,4,0,12,겨울
2023-12-30,3410248,208253,397190,2023,1.4,17.3,2.5,14,0.0,2.8,1,추움,보통비,Saturday,5,1,12,겨울
2023-12-31,2718245,129849,357230,2023,1.6,0.0,0.0,0,0.0,4.3,0,추움,맑음,Sunday,6,1,12,겨울
2024-01-01,1946406,117261,248202,2024,4.1,0.0,0.0,0,2.3,7.2,0,추움,맑음,Monday,0,0,1,겨울
2024-01-02,4620510,865248,909652,2024,2.8,0.2,0.2,1,2.0,4.2,1,추움,약한비,Tuesday,1,0,1,겨울
2024-01-03,4805574,883500,923420,2024,0.3,0.4,0.4,0,-3.1,3.9,0,추움,약한비,Wednesday,2,0,1,겨울
2024-01-04,4895162,886492,905476,2024,3.7,0.0,0.0,0,-0.4,5.3,0,추움,맑음,Thursday,3,0,1,겨울
2024-01-05,5039911,854590,930179,2024,3.1,0.0,0.0,0,-2.5,8.8,0,추움,맑음,Friday,4,0,1,겨울
2024-01-06,3503529,225007,423073,2024,-0.1,2.4,1.4,2,-4.9,4.7,1,추움,약한비,Saturday,5,1,1,겨울
2024-01-07,2466181,143476,316893,2024,-6.3,0.0,0.0,0,-10.0,-1.7,0,한파,맑음,Sunday,6,1,1,겨울
2024-01-08,4662663,874867,903761,2024,-1.8,0.5,0.5,1,-5.6,-0.3,1,추움,약한비,Monday,0,0,1,겨울
2024-01-09,4880279,908977,903371,2024,-1.0,1.1,0.4,1,-3.9,0.4,1,추움,약한비,Tuesday,1,0,1,겨울
2024-01-10,4955735,891257,920263,2024,-0.4,0.0,0.0,0,-2.3,3.1,0,추움,맑음,Wednesday,2,0,1,겨울
2024-01-11,4944857,879022,893076,2024,2.3,0.0,0.0,0,-0.9,4.5,0,추움,맑음,Thursday,3,0,1,겨울
2024-01-12,5104018,847017,922971,2024,-0.1,0.0,0.0,0,-3.7,3.9,0,추움,맑음,Friday,4,0,1,겨울
2024-01-13,3601659,233007,429582,2024,1.0,0.0,0.0,0,-2.1,6.3,0,추움,맑음,Saturday,5,1,1,겨울
2024-01-14,2388330,139286,299468,2024,-1.9,3.1,1.8,4,-6.8,2.4,1,추움,약한비,Sunday,6,1,1,겨울
2024-01-15,4729377,873407,914489,2024,-3.8,0.0,0.0,0,-7.1,0.9,0,추움,맑음,Monday,0,0,1,겨울
2024-01-16,4868466,886187,908123,2024,0.0,0.0,0.0,0,-3.2,4.3,0,추움,맑음,Tuesday,1,0,1,겨울
2024-01-17,4926498,878290,908048,2024,1.4,10.2,1.8,10,0.7,1.9,1,추움,보통비,Wednesday,2,0,1,겨울
2024-01-18,4961935,878334,899257,2024,5.4,0.0,0.0,0,1.9,9.4,0,쾌적,맑음,Thursday,3,0,1,겨울
2024-01-19,5122904,841306,919076,2024,5.2,0.0,0.0,0,3.5,8.3,0,쾌적,맑음,Friday,4,0,1,겨울
2024-01-20,3569529,233888,424360,2024,2.8,0.4,0.3,1,1.9,4.9,1,추움,약한비,Saturday,5,1,1,겨울
2024-01-21,2514501,142961,313986,2024,-1.3,0.6,0.2,2,-8.8,4.3,1,추움,약한비,Sunday,6,1,1,겨울
2024-01-22,4614676,866244,894372,2024,-10.8,0.0,0.0,0,-13.9,-7.0,0,한파,맑음,Monday,0,0,1,겨울
2024-01-23,4517331,862605,879615,2024,-10.7,0.0,0.0,0,-12.0,-8.7,0,한파,맑음,Tuesday,1,0,1,겨울
2024-01-24,4688698,863074,891411,2024,-7.4,0.0,0.0,0,-9.5,-4.0,0,한파,맑음,Wednesday,2,0,1,겨울
2024-01-25,4846022,867666,904099,2024,-4.2,0.0,0.0,0,-6.7,-0.6,0,추움,맑음,Thursday,3,0,1,겨울
2024-01-26,5051081,835589,906918,2024,-0.8,0.0,0.0,0,-4.5,3.5,0,추움,맑음,Friday,4,0,1,겨울
2024-01-27,3566099,227728,423456,2024,-0.7,0.0,0.0,0,-4.7,4.1,0,추움,맑음,Saturday,5,1,1,겨울
2024-01-28,2549718,144317,323627,2024,-1.3,0.0,0.0,0,-4.6,3.5,0,추움,맑음,Sunday,6,1,1,겨울
2024-01-29,4763904,869453,904808,2024,0.0,0.0,0.0,0,-3.8,4.2,0,추움,맑음,Monday,0,0,1,겨울
2024-01-30,4896648,886163,911438,2024,3.0,0.0,0.0,0,0.6,7.7,0,추움,맑음,Tuesday,1,0,1,겨울
2024-01-31,4929543,876343,906517,2024,4.1,0.0,0.0,0,-1.2,10.1,0,추움,맑음,Wednesday,2,0,1,겨울
2024-02-01,4946760,888215,907449,2024,3.1,0.0,0.0,0,1.1,7.5,0,추움,맑음,Thursday,3,0,2,겨울
2024-02-02,5102847,860657,932296,2024,3.0,0.0,0.0,0,-0.1,7.7,0,추움,맑음,Friday,4,0,2,겨울
2024-02-03,3465087,230434,405969,2024,5.7,0.0,0.0,0,3.7,8.2,0,쾌적,맑음,Saturday,5,1,2,겨울
2024-02-04,2597105,152186,328151,2024,7.3,1.2,0.6,1,3.5,11.7,1,쾌적,약한비,Sunday,6,1,2,겨울
2024-02-05,4788096,887612,916820,2024,1.4,2.9,0.6,6,0.0,4.1,1,추움,약한비,Monday,0,0,2,겨울
2024-02-06,4947519,896865,915831,2024,1.0,0.0,0.0,0,-0.7,2.7,0,추움,맑음,Tuesday,1,0,2,겨울
2024-02-07,4940027,873709,901998,2024,-0.1,0.0,0.0,0,-2.9,2.5,0,추움,맑음,Wednesday,2,0,2,겨울
2024-02-08,4705909,790326,640464,2024,0.8,0.0,0.0,0,-2.3,6.0,0,추움,맑음,Thursday,3,0,2,겨울
2024-02-09,1946325,122850,240097,2024,1.4,0.0,0.0,0,-1.3,6.0,0,추움,맑음,Friday,4,0,2,겨울
2024-02-10,1545439,102336,198708,2024,1.4,0.0,0.0,0,-2.9,7.1,0,추움,맑음,Saturday,5,1,2,겨울
2024-02-11,2114591,101717,267608,2024,1.0,0.0,0.0,0,-2.8,5.0,0,추움,맑음,Sunday,6,1,2,겨울
2024-02-12,2294344,121703,309854,2024,5.1,0.0,0.0,0,2.0,10.0,0,쾌적,맑음,Monday,0,0,2,겨울
2024-02-13,4632818,822266,898189,2024,10.5,0.0,0.0,0,7.2,13.5,0,쾌적,맑음,Tuesday,1,0,2,겨울
2024-02-14,5036290,884114,952001,2024,12.6,0.2,0.2,1,8.0,17.9,1,쾌적,약한비,Wednesday,2,0,2,겨울
2024-02-15,4918456,880784,913498,2024,1.2,10.7,2.8,5,-1.4,6.8,1,추움,보통비,Thursday,3,0,2,겨울
2024-02-16,5270964,863667,957937,2024,2.6,0.0,0.0,0,-0.9,7.8,0,추움,맑음,Friday,4,0,2,겨울
2024-02-17,3847588,248795,471607,2024,5.4,0.0,0.0,0,1.2,11.2,0,쾌적,맑음,Saturday,5,1,2,겨울
2024-02-18,2672178,157478,328751,2024,9.0,24.6,4.2,13,6.0,11.0,1,쾌적,강한비,Sunday,6,1,2,겨울
2024-02-19,4752436,872083,900748,2024,6.6,1.7,0.6,3,2.9,11.9,1,쾌적,약한비,Monday,0,0,2,겨울
2024-02-20,5026220,895170,929316,2024,4.2,8.8,1.7,10,2.4,6.7,1,추움,보통비,Tuesday,1,0,2,겨울
2024-02-21,4932400,883216,921132,2024,0.7,20.1,1.8,18,-1.0,2.7,1,추움,강한비,Wednesday,2,0,2,겨울
2024-02-22,5127093,913297,922149,2024,-1.9,-0.6,0.2,1,-5.0,1.5,1,추움,약한비,Thursday,3,0,2,겨울
2024-02-23,5287020,853148,943890,2024,1.8,0.0,0.0,0,-1.2,5.9,0,추움,맑음,Friday,4,0,2,겨울
2024-02-24,3867968,250813,477744,2024,2.6,4.1,0.7,9,0.8,5.8,1,추움,약한비,Saturday,5,1,2,겨울
2024-02-25,2775161,160637,363415,2024,2.4,0.0,0.0,0,-1.1,5.5,0,추움,맑음,Sunday,6,1,2,겨울
2024-02-26,4944996,878752,918886,2024,4.6,0.0,0.0,0,1.2,9.7,0,추움,맑음,Monday,0,0,2,겨울
2024-02-27,5059810,892961,921638,2024,6.0,0.0,0.0,0,3.2,9.4,0,쾌적,맑음,Tuesday,1,0,2,겨울
2024-02-28,5118705,881676,916245,2024,6.3,0.0,0.0,0,3.0,10.0,0,쾌적,맑음,Wednesday,2,0,2,겨울
2024-02-29,5190640,852085,932710,2024,2.5,0.0,0.0,0,-5.1,9.3,0,추움,맑음,Thursday,3,0,2,겨울
2024-03-01,3201504,190398,406117,2024,-5.3,0.0,0.0,0,-7.9,-1.5,0,한파,맑음,Friday,4,0,3,봄
2024-03-02,3276412,210770,399670,2024,2.6,0.0,0.0,0,-1.5,4.3,0,추움,맑음,Saturday,5,1,3,봄
2024-03-03,2585274,150848,329393,2024,3.2,0.0,0.0,0,-1.7,7.6,0,추움,맑음,Sunday,6,1,3,봄
2024-03-04,4936777,922056,908673,2024,7.6,0.0,0.0,0,4.2,11.4,0,쾌적,맑음,Monday,0,0,3,봄
2024-03-05,5072455,959200,923335,2024,6.9,0.0,0.0,0,2.5,10.9,0,쾌적,맑음,Tuesday,1,0,3,봄
2024-03-06,5178207,957971,930079,2024,6.1,0.0,0.0,0,2.8,10.0,0,쾌적,맑음,Wednesday,2,0,3,봄
2024-03-07,5228155,954427,931436,2024,2.9,2.1,2.1,0,-0.5,7.7,0,추움,약한비,Thursday,3,0,3,봄
2024-03-08,5380830,913953,959269,2024,1.7,0.0,0.0,0,-1.9,6.3,0,추움,맑음,Friday,4,0,3,봄
2024-03-09,3837438,257181,464038,2024,2.1,0.0,0.0,0,-1.6,7.0,0,추움,맑음,Saturday,5,1,3,봄
2024-03-10,2819917,162976,373893,2024,5.4,0.0,0.0,0,2.2,10.3,0,쾌적,맑음,Sunday,6,1,3,봄
2024-03-11,5031960,949963,931922,2024,7.1,0.2,0.2,0,4.5,10.4,0,쾌적,약한비,Monday,0,0,3,봄
2024-03-12,5119118,962208,926021,2024,5.3,1.9,1.4,3,1.5,9.8,1,쾌적,약한비,Tuesday,1,0,3,봄
2024-03-13,5256982,961498,941394,2024,7.0,0.0,0.0,0,3.5,11.6,0,쾌적,맑음,Wednesday,2,0,3,봄
2024-03-14,5313178,955346,943821,2024,8.7,0.0,0.0,0,4.0,15.2,0,쾌적,맑음,Thursday,3,0,3,봄
2024-03-15,5426155,914587,950303,2024,9.0,0.0,0.0,0,4.5,14.1,0,쾌적,맑음,Friday,4,0,3,봄
2024-03-16,4025010,263695,495204,2024,12.1,0.1,0.1,0,8.6,17.9,0,쾌적,약한비,Saturday,5,1,3,봄
2024-03-17,2925256,175506,374097,2024,6.9,0.0,0.0,0,1.5,12.1,0,쾌적,맑음,Sunday,6,1,3,봄
2024-03-18,5096070,956030,933453,2024,7.9,0.0,0.0,0,5.3,12.8,0,쾌적,맑음,Monday,0,0,3,봄
2024-03-19,5172213,966245,939482,2024,5.5,0.2,0.2,0,1.2,9.7,0,쾌적,약한비,Tuesday,1,0,3,봄
2024-03-20,5230926,953229,927507,2024,3.7,0.0,0.0,0,-0.8,8.1,0,추움,맑음,Wednesday,2,0,3,봄
2024-03-21,5354603,960112,948230,2024,6.5,0.0,0.0,0,3.9,11.3,0,쾌적,맑음,Thursday,3,0,3,봄
2024-03-22,5370837,911601,928614,2024,12.1,5.5,2.5,5,9.4,15.2,1,쾌적,보통비,Friday,4,0,3,봄
2024-03-23,3973760,266128,483872,2024,13.3,0.0,0.0,0,10.5,17.9,0,쾌적,맑음,Saturday,5,1,3,봄
2024-03-24,2937098,169895,378345,2024,16.7,0.0,0.0,0,12.1,23.2,0,쾌적,맑음,Sunday,6,1,3,봄
2024-03-25,5046439,950054,932117,2024,7.8,16.6,1.9,14,3.3,13.1,1,쾌적,보통비,Monday,0,0,3,봄
2024-03-26,5201439,963678,939330,2024,5.5,-1.0,0.0,0,-5.0,12.2,0,쾌적,약한비,Tuesday,1,0,3,봄
2024-03-27,5362384,964029,939998,2024,11.8,1.5,0.8,2,9.6,16.1,1,쾌적,약한비,Wednesday,2,0,3,봄
2024-03-28,5665438,1057308,929831,2024,9.0,0.4,0.2,1,5.4,12.1,1,쾌적,약한비,Thursday,3,0,3,봄
2024-03-29,5407750,909956,944136,2024,7.0,1.6,1.2,3,3.1,12.2,1,쾌적,약한비,Friday,4,0,3,봄
2024-03-30,3989169,264500,486614,2024,8.8,0.0,0.0,0,3.5,14.9,0,쾌적,맑음,Saturday,5,1,3,봄
2024-03-31,2960804,173998,382021,2024,11.4,0.0,0.0,0,5.5,17.5,0,쾌적,맑음,Sunday,6,1,3,봄
2024-04-01,5137638,953759,953051,2024,12.5,0.0,0.0,0,7.0,18.6,0,쾌적,맑음,Monday,0,0,4,봄
2024-04-02,5319090,979223,959825,2024,17.3,0.0,0.0,0,14.0,23.6,0,쾌적,맑음,Tuesday,1,0,4,봄
2024-04-03,5246908,963073,942144,2024,16.0,0.0,0.0,0,12.5,19.7,0,쾌적,맑음,Wednesday,2,0,4,봄
2024-04-04,5411460,962153,952004,2024,15.4,0.0,0.0,0,12.1,20.3,0,쾌적,맑음,Thursday,3,0,4,봄
2024-04-05,5540079,909585,970903,2024,13.0,0.0,0.0,0,8.2,18.6,0,쾌적,맑음,Friday,4,0,4,봄
2024-04-06,4175898,270507,512986,2024,12.6,0.0,0.0,0,7.8,18.9,0,쾌적,맑음,Saturday,5,1,4,봄
2024-04-07,3080160,173483,407034,2024,15.7,0.0,0.0,0,11.1,23.3,0,쾌적,맑음,Sunday,6,1,4,봄
2024-04-08,5107799,951112,931160,2024,16.2,0.0,0.0,0,10.7,22.6,0,쾌적,맑음,Monday,0,0,4,봄
2024-04-09,5459398,967608,967800,2024,15.1,0.0,0.0,0,10.4,20.7,0,쾌적,맑음,Tuesday,1,0,4,봄
2024-04-10,3129056,201365,397703,2024,14.1,0.0,0.0,0,11.8,18.1,0,쾌적,맑음,Wednesday,2,0,4,봄
2024-04-11,5176727,940213,917026,2024,15.9,0.0,0.0,0,12.2,21.1,0,쾌적,맑음,Thursday,3,0,4,봄
2024-04-12,5402884,909295,940289,2024,17.2,0.0,0.0,0,11.3,24.0,0,쾌적,맑음,Friday,4,0,4,봄
2024-04-13,3936072,268777,467680,2024,19.9,0.0,0.0,0,13.6,27.2,0,쾌적,맑음,Saturday,5,1,4,봄
2024-04-14,2820206,177756,346735,2024,22.0,1.2,1.2,1,18.2,29.2,1,쾌적,약한비,Sunday,6,1,4,봄
2024-04-15,4867919,945151,907426,2024,13.7,18.2,7.8,8,11.5,17.1,1,쾌적,보통비,Monday,0,0,4,봄
2024-04-16,5201097,970679,938229,2024,13.0,0.0,0.0,0,9.8,17.4,0,쾌적,맑음,Tuesday,1,0,4,봄
2024-04-17,5262045,965737,925294,2024,15.4,0.0,0.0,0,10.7,21.3,0,쾌적,맑음,Wednesday,2,0,4,봄
2024-04-18,5265864,961180,918565,2024,17.4,0.0,0.0,0,11.6,24.7,0,쾌적,맑음,Thursday,3,0,4,봄
2024-04-19,5387376,909900,915169,2024,18.4,0.0,0.0,0,15.2,23.7,0,쾌적,맑음,Friday,4,0,4,봄
2024-04-20,3585096,265076,421880,2024,14.5,4.8,0.9,5,13.0,17.2,1,쾌적,약한비,Saturday,5,1,4,봄
2024-04-21,2687747,170238,332962,2024,17.5,0.0,0.0,0,15.0,21.2,0,쾌적,맑음,Sunday,6,1,4,봄
2024-04-22,5007933,945785,911308,2024,18.4,0.0,0.0,0,13.3,23.9,0,쾌적,맑음,Monday,0,0,4,봄
2024-04-23,5165163,966660,922419,2024,16.7,8.2,3.9,4,11.5,23.8,1,쾌적,보통비,Tuesday,1,0,4,봄
2024-04-24,5122513,943818,907466,2024,12.7,0.8,0.8,0,10.4,16.4,0,쾌적,약한비,Wednesday,2,0,4,봄
2024-04-25,5299849,952847,917127,2024,15.0,0.0,0.0,0,11.6,20.7,0,쾌적,맑음,Thursday,3,0,4,봄
2024-04-26,5487422,905506,924131,2024,18.0,0.0,0.0,0,11.7,25.8,0,쾌적,맑음,Friday,4,0,4,봄
2024-04-27,4125971,293173,481202,2024,18.6,0.0,0.0,0,13.1,26.0,0,쾌적,맑음,Saturday,5,1,4,봄
2024-04-28,3022929,188804,367074,2024,21.8,0.0,0.0,0,17.0,28.7,0,쾌적,맑음,Sunday,6,1,4,봄
2024-04-29,5166255,951651,921903,2024,20.8,0.0,0.0,0,16.8,26.0,0,쾌적,맑음,Monday,0,0,4,봄
2024-04-30,5434639,968999,945311,2024,17.7,0.0,0.0,0,13.9,22.1,0,쾌적,맑음,Tuesday,1,0,4,봄
2024-05-01,3802726,356849,478043,2024,18.2,0.0,0.0,0,12.5,23.9,0,쾌적,맑음,Wednesday,2,0,5,봄
2024-05-02,5386536,958976,941405,2024,17.8,0.0,0.0,0,12.3,23.4,0,쾌적,맑음,Thursday,3,0,5,봄
2024-05-03,5582165,916395,956581,2024,20.3,0.0,0.0,0,14.6,27.7,0,쾌적,맑음,Friday,4,0,5,봄
2024-05-04,3985577,273911,467519,2024,22.0,2.8,1.6,2,16.8,28.3,1,쾌적,약한비,Saturday,5,1,5,봄
2024-05-05,2467891,152349,311944,2024,16.5,54.8,7.7,21,14.0,18.9,1,쾌적,폭우,Sunday,6,1,5,봄
2024-05-06,2550685,161799,329474,2024,13.4,5.3,0.8,10,12.6,14.1,1,쾌적,보통비,Monday,0,0,5,봄
2024-05-07,5108886,956667,938038,2024,12.6,0.1,0.1,0,9.1,14.9,0,쾌적,약한비,Tuesday,1,0,5,봄
2024-05-08,5271460,971712,967821,2024,15.3,0.0,0.0,0,10.9,21.1,0,쾌적,맑음,Wednesday,2,0,5,봄
2024-05-09,5362939,974153,935451,2024,16.6,0.0,0.0,0,12.5,21.7,0,쾌적,맑음,Thursday,3,0,5,봄
2024-05-10,5588282,947317,956257,2024,18.6,0.0,0.0,0,15.1,23.7,0,쾌적,맑음,Friday,4,0,5,봄
2024-05-11,3802503,278893,426620,2024,16.0,31.7,7.5,9,12.0,21.9,1,쾌적,강한비,Saturday,5,1,5,봄
2024-05-12,3036102,178440,386102,2024,16.9,0.0,0.0,0,12.0,21.4,0,쾌적,맑음,Sunday,6,1,5,봄
2024-05-13,5163772,959514,925436,2024,18.5,0.0,0.0,0,12.8,24.4,0,쾌적,맑음,Monday,0,0,5,봄
2024-05-14,5514451,974890,959027,2024,18.9,0.0,0.0,0,13.8,24.7,0,쾌적,맑음,Tuesday,1,0,5,봄
2024-05-15,2955913,213811,339593,2024,10.3,20.7,3.5,8,7.0,18.4,1,쾌적,강한비,Wednesday,2,0,5,봄
2024-05-16,5328287,955347,925451,2024,15.1,0.0,0.0,0,10.9,19.5,0,쾌적,맑음,Thursday,3,0,5,봄
2024-05-17,5487089,924828,930006,2024,19.8,0.0,0.0,0,16.1,24.5,0,쾌적,맑음,Friday,4,0,5,봄
2024-05-18,4097541,285919,477950,2024,20.7,0.0,0.0,0,15.9,26.4,0,쾌적,맑음,Saturday,5,1,5,봄
2024-05-19,3000147,185664,387234,2024,21.6,0.0,0.0,0,17.7,27.5,0,쾌적,맑음,Sunday,6,1,5,봄
2024-05-20,5067458,948747,918322,2024,19.2,0.0,0.0,0,16.4,22.7,0,쾌적,맑음,Monday,0,0,5,봄
2024-05-21,5285103,975278,933562,2024,21.6,0.0,0.0,0,16.4,28.2,0,쾌적,맑음,Tuesday,1,0,5,봄
2024-05-22,5316504,964138,924424,2024,20.4,0.0,0.0,0,15.9,25.4,0,쾌적,맑음,Wednesday,2,0,5,봄
2024-05-23,5344193,962934,921058,2024,19.9,0.0,0.0,0,15.7,26.2,0,쾌적,맑음,Thursday,3,0,5,봄
2024-05-24,5471311,914070,923685,2024,21.0,0.0,0.0,0,18.7,24.4,0,쾌적,맑음,Friday,4,0,5,봄
2024-05-25,4187247,288928,482924,2024,21.7,0.0,0.0,0,18.7,24.7,0,쾌적,맑음,Saturday,5,1,5,봄
2024-05-26,2781142,181452,320796,2024,18.3,8.7,2.8,7,14.2,23.3,1,쾌적,보통비,Sunday,6,1,5,봄
2024-05-27,5111682,950302,918128,2024,18.7,0.0,0.0,0,14.3,22.3,0,쾌적,맑음,Monday,0,0,5,봄
2024-05-28,5247113,971196,926963,2024,20.8,0.0,0.0,0,15.4,25.9,0,쾌적,맑음,Tuesday,1,0,5,봄
2024-05-29,5293856,959175,917410,2024,21.3,0.0,0.0,0,16.2,26.6,0,쾌적,맑음,Wednesday,2,0,5,봄
2024-05-30,5261095,955761,902519,2024,21.2,0.0,0.0,0,17.0,24.6,0,쾌적,맑음,Thursday,3,0,5,봄
2024-05-31,5419176,915415,921952,2024,20.2,1.0,1.0,1,17.6,25.1,1,쾌적,약한비,Friday,4,0,5,봄
2024-06-01,3983641,274406,477873,2024,20.3,0.0,0.0,0,15.8,24.7,0,쾌적,맑음,Saturday,5,1,6,여름
2024-06-02,2801050,174848,342262,2024,20.7,0.0,0.0,0,15.9,25.7,0,쾌적,맑음,Sunday,6,1,6,여름
2024-06-03,5006929,947836,897670,2024,22.6,0.0,0.0,0,16.3,28.3,0,쾌적,맑음,Monday,0,0,6,여름
2024-06-04,5168108,947392,900865,2024,23.3,0.0,0.0,0,18.1,28.9,0,쾌적,맑음,Tuesday,1,0,6,여름
2024-06-05,5328507,944411,925827,2024,23.8,0.0,0.0,0,19.4,30.0,0,쾌적,맑음,Wednesday,2,0,6,여름
2024-06-06,3107591,209917,373647,2024,24.0,0.0,0.0,0,18.3,30.8,0,쾌적,맑음,Thursday,3,0,6,여름
2024-06-07,4890266,737894,804767,2024,22.7,4.2,2.2,5,18.0,27.8,1,쾌적,약한비,Friday,4,0,6,여름
2024-06-08,3366506,245252,396121,2024,20.4,13.5,11.4,1,17.5,24.3,1,쾌적,보통비,Saturday,5,1,6,여름
2024-06-09,2707079,176158,329965,2024,23.3,0.0,0.0,0,19.0,28.8,0,쾌적,맑음,Sunday,6,1,6,여름
2024-06-10,4954585,934485,889233,2024,25.3,0.0,0.0,0,22.0,30.9,0,더움,맑음,Monday,0,0,6,여름
2024-06-11,5141752,948108,912437,2024,24.7,0.0,0.0,0,19.5,31.2,0,쾌적,맑음,Tuesday,1,0,6,여름
2024-06-12,5147501,942645,892651,2024,24.9,0.0,0.0,0,20.1,31.5,0,쾌적,맑음,Wednesday,2,0,6,여름
2024-06-13,5204840,939026,892431,2024,26.8,0.0,0.0,0,21.6,32.6,0,더움,맑음,Thursday,3,0,6,여름
2024-06-14,5302619,896853,894467,2024,26.2,5.7,4.2,1,21.9,32.8,1,더움,보통비,Friday,4,0,6,여름
2024-06-15,3703435,267728,423803,2024,23.6,0.4,0.4,1,19.9,28.1,1,쾌적,약한비,Saturday,5,1,6,여름
2024-06-16,2743814,176322,333715,2024,24.2,0.0,0.0,0,18.9,29.5,0,쾌적,맑음,Sunday,6,1,6,여름
2024-06-17,4949193,918990,885830,2024,25.2,0.0,0.0,0,20.4,30.1,0,더움,맑음,Monday,0,0,6,여름
2024-06-18,5071858,932558,892290,2024,26.4,0.0,0.0,0,21.5,32.5,0,더움,맑음,Tuesday,1,0,6,여름
2024-06-19,5100474,925116,890054,2024,29.5,0.0,0.0,0,23.4,35.7,0,더움,맑음,Wednesday,2,0,6,여름
2024-06-20,5141389,920970,888588,2024,29.2,0.0,0.0,0,23.0,35.3,0,더움,맑음,Thursday,3,0,6,여름
2024-06-21,5258586,878427,893326,2024,28.3,0.0,0.0,0,25.1,33.5,0,더움,맑음,Friday,4,0,6,여름
2024-06-22,3562462,270687,407559,2024,23.3,18.3,3.7,12,22.5,25.6,1,쾌적,보통비,Saturday,5,1,6,여름
2024-06-23,2707221,167117,345468,2024,25.1,3.0,3.0,1,22.6,29.4,1,더움,약한비,Sunday,6,1,6,여름
2024-06-24,4904540,904878,886746,2024,23.4,0.0,0.0,0,19.2,27.5,0,쾌적,맑음,Monday,0,0,6,여름
2024-06-25,5098794,922828,895647,2024,23.0,0.0,0.0,0,19.0,26.8,0,쾌적,맑음,Tuesday,1,0,6,여름
2024-06-26,5150651,915048,894205,2024,25.5,0.0,0.0,0,20.7,31.5,0,더움,맑음,Wednesday,2,0,6,여름
2024-06-27,5137694,910090,882081,2024,26.5,0.0,0.0,0,21.4,31.3,0,더움,맑음,Thursday,3,0,6,여름
2024-06-28,5294698,873975,895418,2024,26.8,0.0,0.0,0,21.7,32.5,0,더움,맑음,Friday,4,0,6,여름
2024-06-29,3659776,264146,443334,2024,26.7,70.4,16.6,9,22.5,31.9,1,더움,폭우,Saturday,5,1,6,여름
2024-06-30,2417922,146641,304596,2024,23.1,0.1,0.1,1,22.0,24.9,1,쾌적,약한비,Sunday,6,1,6,여름
2024-07-01,4872950,916694,897173,2024,26.8,0.7,0.5,2,22.7,31.3,1,더움,약한비,Monday,0,0,7,여름
2024-07-02,4648954,924586,860409,2024,23.1,65.2,23.9,11,22.0,24.6,1,쾌적,폭우,Tuesday,1,0,7,여름
2024-07-03,5039691,919227,898855,2024,24.6,0.0,0.0,0,23.3,25.8,0,쾌적,맑음,Wednesday,2,0,7,여름
2024-07-04,5079756,919007,888806,2024,26.1,7.7,3.6,2,21.3,30.5,1,더움,보통비,Thursday,3,0,7,여름
2024-07-05,5197240,877172,912262,2024,23.6,2.5,1.9,2,22.1,26.0,1,쾌적,약한비,Friday,4,0,7,여름
2024-07-06,3475342,246293,393639,2024,25.0,0.3,0.3,0,21.6,29.8,0,더움,약한비,Saturday,5,1,7,여름
2024-07-07,2641997,164054,335792,2024,25.0,38.0,16.1,7,23.8,28.0,1,더움,강한비,Sunday,6,1,7,여름
2024-07-08,4659148,898760,878422,2024,23.6,11.6,3.7,5,22.7,24.5,1,쾌적,보통비,Monday,0,0,7,여름
2024-07-09,4937332,922290,895992,2024,24.7,1.5,1.2,3,22.8,26.6,1,쾌적,약한비,Tuesday,1,0,7,여름
2024-07-10,5048696,915113,894430,2024,26.8,0.0,0.0,0,23.8,30.6,0,더움,맑음,Wednesday,2,0,7,여름
2024-07-11,5075981,909423,888568,2024,25.2,0.0,0.0,0,21.8,28.8,0,더움,맑음,Thursday,3,0,7,여름
2024-07-12,5219810,871320,897454,2024,26.2,0.0,0.0,0,23.5,30.1,0,더움,맑음,Friday,4,0,7,여름
2024-07-13,3749714,264349,438416,2024,28.5,0.0,0.0,0,25.0,33.2,0,더움,맑음,Saturday,5,1,7,여름
2024-07-14,2732272,171570,345599,2024,28.3,0.4,0.4,1,24.5,31.9,1,더움,약한비,Sunday,6,1,7,여름
2024-07-15,4871992,909079,892810,2024,28.9,0.0,0.0,0,25.8,31.1,0,더움,맑음,Monday,0,0,7,여름
2024-07-16,4918287,921003,885399,2024,26.1,50.0,20.3,10,24.2,30.4,1,더움,강한비,Tuesday,1,0,7,여름
2024-07-17,4753939,891851,851851,2024,25.3,121.8,50.4,12,23.2,28.1,1,더움,폭우,Wednesday,2,0,7,여름
2024-07-18,4651852,892131,835482,2024,24.3,73.3,18.4,7,23.0,25.7,1,쾌적,폭우,Thursday,3,0,7,여름
2024-07-19,5217985,870126,896298,2024,27.3,0.0,0.0,0,25.1,30.7,0,더움,맑음,Friday,4,0,7,여름
2024-07-20,3448324,250155,422369,2024,26.3,22.3,12.0,5,22.6,30.6,1,더움,강한비,Saturday,5,1,7,여름
2024-07-21,2565222,155280,324973,2024,27.5,12.5,11.2,1,23.7,29.5,1,더움,보통비,Sunday,6,1,7,여름
2024-07-22,4676548,878771,866591,2024,26.5,68.6,32.0,6,25.1,27.7,1,더움,폭우,Monday,0,0,7,여름
2024-07-23,4828549,888878,875597,2024,26.5,16.0,12.4,6,25.9,27.3,1,더움,보통비,Tuesday,1,0,7,여름
2024-07-24,4964151,878373,888939,2024,28.4,0.6,0.6,0,26.8,30.8,0,더움,약한비,Wednesday,2,0,7,여름
2024-07-25,5005647,875128,879389,2024,28.3,26.0,15.1,3,25.2,32.1,1,더움,강한비,Thursday,3,0,7,여름
2024-07-26,4974583,831902,853944,2024,29.2,4.8,2.9,1,27.5,32.5,1,더움,약한비,Friday,4,0,7,여름
2024-07-27,3316309,247060,380351,2024,28.7,33.5,14.8,3,27.3,31.5,1,더움,강한비,Saturday,5,1,7,여름
2024-07-28,2541407,165837,318817,2024,29.1,0.0,0.0,0,27.2,32.1,0,더움,맑음,Sunday,6,1,7,여름
2024-07-29,4586572,820235,844967,2024,27.1,0.0,0.0,0,26.3,27.6,0,더움,맑음,Monday,0,0,7,여름
2024-07-30,4787693,830378,864771,2024,28.8,0.0,0.0,0,27.0,31.9,0,더움,맑음,Tuesday,1,0,7,여름
2024-07-31,4840660,817418,857539,2024,29.6,0.3,0.3,0,27.3,33.0,0,더움,약한비,Wednesday,2,0,7,여름
2024-08-01,4677020,802027,830978,2024,30.0,0.0,0.0,0,28.2,32.9,0,폭염,맑음,Thursday,3,0,8,여름
2024-08-02,4679158,761235,822840,2024,29.3,0.0,0.0,0,27.2,32.3,0,더움,맑음,Friday,4,0,8,여름
2024-08-03,3215328,229141,373807,2024,30.4,0.0,0.0,0,27.3,34.1,0,폭염,맑음,Saturday,5,1,8,여름
2024-08-04,2359419,158507,298361,2024,31.7,0.5,0.5,0,27.5,36.1,0,폭염,약한비,Sunday,6,1,8,여름
2024-08-05,4421795,819485,829108,2024,29.4,0.8,0.7,2,25.6,33.4,1,더움,약한비,Monday,0,0,8,여름
2024-08-06,4597453,834092,852713,2024,29.9,0.0,0.0,0,27.2,33.5,0,더움,맑음,Tuesday,1,0,8,여름
2024-08-07,4654579,836999,855339,2024,29.4,3.4,3.4,0,27.2,33.2,0,더움,약한비,Wednesday,2,0,8,여름
2024-08-08,4713528,835587,850739,2024,28.2,0.0,0.0,0,25.6,31.3,0,더움,맑음,Thursday,3,0,8,여름
2024-08-09,4819689,808807,857243,2024,29.5,0.0,0.0,0,26.4,32.8,0,더움,맑음,Friday,4,0,8,여름
2024-08-10,3343298,249018,391229,2024,30.4,0.0,0.0,0,27.9,33.3,0,폭염,맑음,Saturday,5,1,8,여름
2024-08-11,2466877,156982,311226,2024,30.9,0.0,0.0,0,28.3,34.1,0,폭염,맑음,Sunday,6,1,8,여름
2024-08-12,4643856,844876,863788,2024,30.9,0.0,0.0,0,28.2,33.9,0,폭염,맑음,Monday,0,0,8,여름
2024-08-13,4785222,852828,882962,2024,31.4,0.0,0.0,0,28.3,36.1,0,폭염,맑음,Tuesday,1,0,8,여름
2024-08-14,4895081,829410,873780,2024,29.5,3.3,1.7,1,26.7,34.8,1,더움,약한비,Wednesday,2,0,8,여름
2024-08-15,2752844,183004,332661,2024,29.1,6.1,6.0,1,26.8,34.6,1,더움,보통비,Thursday,3,0,8,여름
2024-08-16,4441285,675780,752698,2024,30.2,0.0,0.0,0,27.2,34.2,0,폭염,맑음,Friday,4,0,8,여름
2024-08-17,3169670,237055,370287,2024,29.4,11.0,11.0,0,27.0,33.8,0,더움,보통비,Saturday,5,1,8,여름
2024-08-18,2415573,163219,305220,2024,29.5,0.0,0.0,0,26.5,33.7,0,더움,맑음,Sunday,6,1,8,여름
2024-08-19,4601643,859494,861877,2024,29.9,2.3,2.3,0,27.0,34.7,0,더움,약한비,Monday,0,0,8,여름
2024-08-20,4747048,881128,877416,2024,31.2,39.1,14.1,7,27.0,35.2,1,폭염,강한비,Tuesday,1,0,8,여름
2024-08-21,4637725,858462,860191,2024,28.8,3.1,1.9,3,27.2,29.9,1,더움,약한비,Wednesday,2,0,8,여름
2024-08-22,4783326,874723,864019,2024,28.0,0.6,0.5,0,26.4,30.2,0,더움,약한비,Thursday,3,0,8,여름
2024-08-23,5047040,844545,885649,2024,28.2,0.0,0.0,0,25.2,31.7,0,더움,맑음,Friday,4,0,8,여름
2024-08-24,3546729,254931,410186,2024,27.6,2.0,1.5,2,25.0,30.6,1,더움,약한비,Saturday,5,1,8,여름
2024-08-25,2593552,162309,324139,2024,28.7,0.0,0.0,0,25.6,32.6,0,더움,맑음,Sunday,6,1,8,여름
2024-08-26,4730160,880182,869343,2024,27.8,0.0,0.0,0,25.1,30.5,0,더움,맑음,Monday,0,0,8,여름
2024-08-27,4883896,889650,888241,2024,26.0,0.3,0.3,0,23.1,30.3,0,더움,약한비,Tuesday,1,0,8,여름
2024-08-28,4962407,890571,888899,2024,28.4,0.0,0.0,0,23.5,32.9,0,더움,맑음,Wednesday,2,0,8,여름
2024-08-29,4958738,888160,880446,2024,28.4,0.0,0.0,0,23.8,33.1,0,더움,맑음,Thursday,3,0,8,여름
2024-08-30,5097461,862109,891495,2024,27.7,0.0,0.0,0,22.7,32.6,0,더움,맑음,Friday,4,0,8,여름
2024-08-31,3620116,254871,422397,2024,28.0,0.0,0.0,0,24.7,32.9,0,더움,맑음,Saturday,5,1,8,여름
2024-09-01,2651323,166125,345538,2024,26.5,2.7,1.9,3,22.3,31.2,1,더움,약한비,Sunday,6,1,9,가을
2024-09-02,4890932,923713,898503,2024,24.7,0.0,0.0,0,23.2,26.9,0,쾌적,맑음,Monday,0,0,9,가을
2024-09-03,5069119,945227,907954,2024,27.0,0.0,0.0,0,23.3,31.9,0,더움,맑음,Tuesday,1,0,9,가을
2024-09-04,5137589,936651,911475,2024,28.7,0.0,0.0,0,26.1,33.0,0,더움,맑음,Wednesday,2,0,9,가을
2024-09-05,5134270,930633,902971,2024,25.6,7.3,3.9,5,23.8,28.4,1,더움,보통비,Thursday,3,0,9,가을
2024-09-06,5258965,889972,918248,2024,23.5,0.3,0.1,2,21.2,24.8,1,쾌적,약한비,Friday,4,0,9,가을
2024-09-07,3874957,274686,462223,2024,26.5,0.0,0.0,0,22.6,31.0,0,더움,맑음,Saturday,5,1,9,가을
2024-09-08,2748196,171433,349825,2024,27.6,0.0,0.0,0,24.1,32.3,0,더움,맑음,Sunday,6,1,9,가을
2024-09-09,4991221,933931,902912,2024,28.9,0.0,0.0,0,25.7,33.9,0,더움,맑음,Monday,0,0,9,가을
2024-09-10,5143271,948967,915594,2024,29.4,0.0,0.0,0,25.5,33.7,0,더움,맑음,Tuesday,1,0,9,가을
2024-09-11,5104314,937154,894940,2024,28.8,26.6,7.1,7,25.2,34.5,1,더움,강한비,Wednesday,2,0,9,가을
2024-09-12,5011918,920539,883642,2024,25.0,7.1,2.9,7,24.2,26.1,1,더움,보통비,Thursday,3,0,9,가을
2024-09-13,5087728,861132,686761,2024,26.3,7.0,2.4,6,25.3,27.9,1,더움,보통비,Friday,4,0,9,가을
2024-09-14,3097119,228486,370690,2024,27.8,0.0,0.0,0,25.0,31.9,0,더움,맑음,Saturday,5,1,9,가을
2024-09-15,2365910,156003,300266,2024,26.5,9.5,4.4,2,21.4,32.2,1,더움,보통비,Sunday,6,1,9,가을
2024-09-16,1907381,112921,254620,2024,28.0,0.0,0.0,0,23.2,32.0,0,더움,맑음,Monday,0,0,9,가을
2024-09-17,1680083,102079,218120,2024,28.7,0.0,0.0,0,26.5,33.0,0,더움,맑음,Tuesday,1,0,9,가을
2024-09-18,2116104,113743,287122,2024,29.3,0.7,0.5,1,25.7,33.3,1,더움,약한비,Wednesday,2,0,9,가을
2024-09-19,4615761,835454,851520,2024,29.0,7.5,4.2,1,25.6,32.1,1,더움,보통비,Thursday,3,0,9,가을
2024-09-20,4823273,846982,865285,2024,22.1,73.4,9.8,18,17.1,27.8,1,쾌적,폭우,Friday,4,0,9,가을
2024-09-21,3527200,234804,419451,2024,19.4,0.6,0.6,0,17.1,21.9,0,쾌적,약한비,Saturday,5,1,9,가을
2024-09-22,2831762,168011,355919,2024,20.9,0.0,0.0,0,16.6,26.3,0,쾌적,맑음,Sunday,6,1,9,가을
2024-09-23,5075991,941554,919126,2024,20.5,0.0,0.0,0,15.6,26.0,0,쾌적,맑음,Monday,0,0,9,가을
2024-09-24,5204729,953732,915052,2024,21.9,0.0,0.0,0,18.8,26.7,0,쾌적,맑음,Tuesday,1,0,9,가을
2024-09-25,5229449,940576,911048,2024,23.9,1.2,1.0,1,21.2,26.9,1,쾌적,약한비,Wednesday,2,0,9,가을
2024-09-26,5220258,936022,899960,2024,23.1,0.0,0.0,0,19.2,27.8,0,쾌적,맑음,Thursday,3,0,9,가을
2024-09-27,5433152,904714,922186,2024,22.8,0.0,0.0,0,19.4,27.8,0,쾌적,맑음,Friday,4,0,9,가을
2024-09-28,4047854,283608,488541,2024,23.1,0.0,0.0,0,19.2,27.7,0,쾌적,맑음,Saturday,5,1,9,가을
2024-09-29,2884072,180885,376427,2024,23.3,0.0,0.0,0,18.4,28.8,0,쾌적,맑음,Sunday,6,1,9,가을
2024-09-30,5106744,919905,896379,2024,23.3,2.2,1.7,3,20.5,28.3,1,쾌적,약한비,Monday,0,0,9,가을
2024-10-01,3240183,250619,429761,2024,15.5,0.3,0.3,0,11.6,19.6,0,쾌적,약한비,Tuesday,1,0,10,가을
2024-10-02,5226385,899278,925267,2024,14.6,0.0,0.0,0,10.8,19.3,0,쾌적,맑음,Wednesday,2,0,10,가을
2024-10-03,3239380,207035,410249,2024,16.8,0.0,0.0,0,12.0,21.6,0,쾌적,맑음,Thursday,3,0,10,가을
2024-10-04,5057466,769018,859141,2024,17.6,0.0,0.0,0,11.6,24.0,0,쾌적,맑음,Friday,4,0,10,가을
2024-10-05,4052596,274840,479883,2024,17.5,0.0,0.0,0,12.3,23.8,0,쾌적,맑음,Saturday,5,1,10,가을
2024-10-06,2724722,175212,331611,2024,15.7,0.0,0.0,1,14.1,17.8,1,쾌적,맑음,Sunday,6,1,10,가을
2024-10-07,5008089,934304,892480,2024,16.7,0.0,0.0,0,12.8,20.6,0,쾌적,맑음,Monday,0,0,10,가을
2024-10-08,5285899,941997,930793,2024,17.9,0.0,0.0,0,13.9,23.3,0,쾌적,맑음,Tuesday,1,0,10,가을
2024-10-09,3163097,204353,403622,2024,19.1,0.0,0.0,0,15.4,23.9,0,쾌적,맑음,Wednesday,2,0,10,가을
2024-10-10,5158552,933276,902494,2024,18.6,0.0,0.0,0,14.0,24.0,0,쾌적,맑음,Thursday,3,0,10,가을
2024-10-11,5396736,903160,927609,2024,18.4,0.0,0.0,0,13.5,24.3,0,쾌적,맑음,Friday,4,0,10,가을
2024-10-12,3964675,283625,484807,2024,18.1,0.0,0.0,0,12.6,24.2,0,쾌적,맑음,Saturday,5,1,10,가을
2024-10-13,2908169,189475,366282,2024,19.5,0.0,0.0,0,17.6,22.4,0,쾌적,맑음,Sunday,6,1,10,가을
2024-10-14,5003343,930533,890243,2024,19.4,0.4,0.3,1,17.6,21.4,1,쾌적,약한비,Monday,0,0,10,가을
2024-10-15,5092475,947016,904776,2024,18.3,0.1,0.1,0,14.5,21.6,0,쾌적,약한비,Tuesday,1,0,10,가을
2024-10-16,5170110,933678,901577,2024,17.8,0.0,0.0,0,13.8,24.2,0,쾌적,맑음,Wednesday,2,0,10,가을
2024-10-17,5200910,935287,894487,2024,20.2,0.0,0.0,0,16.7,25.6,0,쾌적,맑음,Thursday,3,0,10,가을
2024-10-18,5092700,893402,867692,2024,16.7,48.1,17.8,8,15.6,18.8,1,쾌적,강한비,Friday,4,0,10,가을
2024-10-19,3918770,278626,475280,2024,15.1,0.0,0.0,0,10.7,21.0,0,쾌적,맑음,Saturday,5,1,10,가을
2024-10-20,2986703,186974,378980,2024,13.1,0.0,0.0,0,9.7,17.6,0,쾌적,맑음,Sunday,6,1,10,가을
2024-10-21,4987518,925190,891481,2024,16.3,0.7,0.4,1,12.6,19.1,1,쾌적,약한비,Monday,0,0,10,가을
2024-10-22,4963152,933686,888631,2024,14.6,22.2,2.8,14,11.4,16.5,1,쾌적,강한비,Tuesday,1,0,10,가을
2024-10-23,5168525,929254,905827,2024,11.1,0.1,0.1,1,7.1,14.9,1,쾌적,약한비,Wednesday,2,0,10,가을
2024-10-24,5216859,930887,900433,2024,13.1,0.0,0.0,0,8.8,18.2,0,쾌적,맑음,Thursday,3,0,10,가을
2024-10-25,5402687,891468,899170,2024,15.5,0.0,0.0,0,10.7,21.3,0,쾌적,맑음,Friday,4,0,10,가을
2024-10-26,4079196,291245,500302,2024,18.0,0.0,0.0,0,14.5,23.9,0,쾌적,맑음,Saturday,5,1,10,가을
2024-10-27,3112074,180759,379258,2024,15.3,0.0,0.0,0,12.3,18.5,0,쾌적,맑음,Sunday,6,1,10,가을
2024-10-28,5022190,923406,894387,2024,16.0,0.0,0.0,0,13.4,20.0,0,쾌적,맑음,Monday,0,0,10,가을
2024-10-29,5159533,943185,903078,2024,14.6,0.0,0.0,0,11.5,18.1,0,쾌적,맑음,Tuesday,1,0,10,가을
2024-10-30,5228951,937269,910201,2024,15.6,0.0,0.0,0,11.2,21.2,0,쾌적,맑음,Wednesday,2,0,10,가을
2024-10-31,5252075,935230,907542,2024,16.4,0.0,0.0,0,12.9,22.3,0,쾌적,맑음,Thursday,3,0,10,가을
2024-11-01,5390440,905836,923622,2024,15.6,0.0,0.0,0,13.1,18.6,0,쾌적,맑음,Friday,4,0,11,가을
2024-11-02,4158516,287584,510761,2024,18.1,0.0,0.0,0,13.1,24.9,0,쾌적,맑음,Saturday,5,1,11,가을
2024-11-03,3108599,200378,376991,2024,18.7,0.1,0.1,0,16.5,23.4,0,쾌적,약한비,Sunday,6,1,11,가을
2024-11-04,5077100,944846,926752,2024,11.6,0.0,0.0,0,5.6,18.1,0,쾌적,맑음,Monday,0,0,11,가을
2024-11-05,5214454,960509,936506,2024,8.5,0.0,0.0,0,4.3,14.5,0,쾌적,맑음,Tuesday,1,0,11,가을
2024-11-06,5234656,951725,934172,2024,6.6,0.0,0.0,0,1.7,12.1,0,쾌적,맑음,Wednesday,2,0,11,가을
2024-11-07,5222927,942165,919484,2024,8.4,0.0,0.0,0,3.2,15.3,0,쾌적,맑음,Thursday,3,0,11,가을
2024-11-08,5394463,898474,926161,2024,11.2,0.0,0.0,0,6.9,17.4,0,쾌적,맑음,Friday,4,0,11,가을
2024-11-09,4159504,278377,505222,2024,13.8,0.0,0.0,0,10.3,20.3,0,쾌적,맑음,Saturday,5,1,11,가을
2024-11-10,2944759,174736,365642,2024,14.4,0.0,0.0,0,9.7,20.9,0,쾌적,맑음,Sunday,6,1,11,가을
2024-11-11,5052006,931465,913166,2024,15.4,0.0,0.0,0,11.4,21.7,0,쾌적,맑음,Monday,0,0,11,가을
2024-11-12,5184197,954625,919858,2024,13.1,0.0,0.0,0,8.4,18.8,0,쾌적,맑음,Tuesday,1,0,11,가을
2024-11-13,5249730,940262,912351,2024,15.7,0.0,0.0,0,13.3,20.7,0,쾌적,맑음,Wednesday,2,0,11,가을
2024-11-14,5137292,858136,903927,2024,14.9,0.1,0.1,0,13.8,16.8,0,쾌적,약한비,Thursday,3,0,11,가을
2024-11-15,5346694,867257,912915,2024,17.6,0.0,0.0,0,14.9,21.5,0,쾌적,맑음,Friday,4,0,11,가을
2024-11-16,4023045,275383,480967,2024,14.8,6.5,3.7,4,7.1,22.0,1,쾌적,보통비,Saturday,5,1,11,가을
2024-11-17,2950191,174242,387264,2024,4.3,0.0,0.0,0,-0.2,9.5,0,추움,맑음,Sunday,6,1,11,가을
2024-11-18,4980686,916085,910066,2024,3.1,0.0,0.0,0,0.4,7.6,0,추움,맑음,Monday,0,0,11,가을
2024-11-19,5134221,940296,917071,2024,6.1,0.0,0.0,0,2.4,10.9,0,쾌적,맑음,Tuesday,1,0,11,가을
2024-11-20,5217386,931738,909862,2024,7.6,0.0,0.0,0,6.0,9.5,0,쾌적,맑음,Wednesday,2,0,11,가을
2024-11-21,5213458,926869,905712,2024,9.2,0.0,0.0,0,3.5,13.5,0,쾌적,맑음,Thursday,3,0,11,가을
2024-11-22,5379172,877190,918358,2024,5.4,0.0,0.0,0,1.6,10.5,0,쾌적,맑음,Friday,4,0,11,가을
2024-11-23,4011456,269325,493520,2024,6.8,0.0,0.0,0,2.6,12.2,0,쾌적,맑음,Saturday,5,1,11,가을
2024-11-24,2930030,178111,364439,2024,7.8,0.0,0.0,0,3.7,13.6,0,쾌적,맑음,Sunday,6,1,11,가을
2024-11-25,5073405,921739,904530,2024,11.8,16.0,3.6,7,8.1,15.3,1,쾌적,보통비,Monday,0,0,11,가을
2024-11-26,5131745,938298,915857,2024,2.9,26.8,4.8,15,-1.2,8.3,1,추움,강한비,Tuesday,1,0,11,가을
2024-11-27,5412066,980569,911030,2024,-0.1,10.8,2.4,10,-1.0,0.7,1,추움,보통비,Wednesday,2,0,11,가을
2024-11-28,5254974,954718,891940,2024,-0.1,0.0,0.0,0,-3.2,3.3,0,추움,맑음,Thursday,3,0,11,가을
2024-11-29,5419817,889519,915661,2024,1.3,0.0,0.0,0,-0.4,3.1,0,추움,맑음,Friday,4,0,11,가을
2024-11-30,3924519,248637,465333,2024,3.3,0.0,0.0,0,1.6,5.6,0,추움,맑음,Saturday,5,1,11,가을
2024-12-01,2848005,159318,353355,2024,6.1,0.5,0.2,2,3.8,8.1,1,쾌적,약한비,Sunday,6,1,12,겨울
2024-12-02,5064660,928195,914850,2024,4.4,0.0,0.0,0,-2.3,12.8,0,추움,맑음,Monday,0,0,12,겨울
2024-12-03,5166156,942859,915985,2024,2.3,0.0,0.0,0,-0.7,5.1,0,추움,맑음,Tuesday,1,0,12,겨울
2024-12-04,5119660,914974,906185,2024,3.0,0.0,0.0,0,0.0,6.8,0,추움,맑음,Wednesday,2,0,12,겨울
2024-12-05,5181259,911796,890559,2024,4.1,2.3,1.8,1,0.1,8.3,1,추움,약한비,Thursday,3,0,12,겨울
2024-12-06,5379846,873875,926444,2024,1.0,0.0,0.0,0,-2.4,5.0,0,추움,맑음,Friday,4,0,12,겨울
2024-12-07,4141123,246446,512261,2024,-0.3,0.0,0.0,0,-3.8,4.3,0,추움,맑음,Saturday,5,1,12,겨울
2024-12-08,2742417,152884,338271,2024,-0.2,0.0,0.0,0,-3.7,4.0,0,추움,맑음,Sunday,6,1,12,겨울
2024-12-09,4975873,910845,888810,2024,1.9,0.0,0.0,0,-1.7,6.9,0,추움,맑음,Monday,0,0,12,겨울
2024-12-10,5177429,932965,900401,2024,3.2,0.0,0.0,0,0.4,6.6,0,추움,맑음,Tuesday,1,0,12,겨울
2024-12-11,5234150,922870,897717,2024,2.0,0.0,0.0,0,-3.1,8.2,0,추움,맑음,Wednesday,2,0,12,겨울
2024-12-12,5292574,916378,895403,2024,1.3,0.0,0.0,0,-0.7,5.1,0,추움,맑음,Thursday,3,0,12,겨울
2024-12-13,5466689,867342,916077,2024,0.3,0.0,0.0,0,-3.5,4.5,0,추움,맑음,Friday,4,0,12,겨울
2024-12-14,4347274,245759,536979,2024,0.3,0.0,0.0,0,-1.5,2.4,0,추움,맑음,Saturday,5,1,12,겨울
2024-12-15,2827391,155782,356260,2024,0.3,0.0,0.0,0,-3.2,5.1,0,추움,맑음,Sunday,6,1,12,겨울
2024-12-16,5026501,896227,888918,2024,0.0,0.0,0.0,0,-3.0,3.8,0,추움,맑음,Monday,0,0,12,겨울
2024-12-17,5232143,913739,903947,2024,-1.6,0.0,0.0,0,-6.1,3.7,0,추움,맑음,Tuesday,1,0,12,겨울
2024-12-18,5215929,899613,894817,2024,-3.6,0.0,0.0,0,-6.5,0.3,0,추움,맑음,Wednesday,2,0,12,겨울
2024-12-19,5275922,893920,880921,2024,0.1,0.0,0.0,0,-3.2,4.8,0,추움,맑음,Thursday,3,0,12,겨울
2024-12-20,5535890,849783,912877,2024,2.2,3.3,0.7,4,0.3,4.9,1,추움,약한비,Friday,4,0,12,겨울
2024-12-21,4285472,249390,534937,2024,-3.2,0.0,0.0,0,-7.5,0.8,0,추움,맑음,Saturday,5,1,12,겨울
2024-12-22,2882286,150581,374128,2024,-2.4,0.0,0.0,0,-5.2,0.8,0,추움,맑음,Sunday,6,1,12,겨울
2024-12-23,5112504,854667,895329,2024,0.4,0.0,0.0,0,-4.1,6.4,0,추움,맑음,Monday,0,0,12,겨울
2024-12-24,5332313,822085,951218,2024,0.6,0.0,0.0,0,-1.6,4.8,0,추움,맑음,Tuesday,1,0,12,겨울
2024-12-25,3268101,146543,454583,2024,3.7,0.1,0.1,0,0.0,6.1,0,추움,약한비,Wednesday,2,0,12,겨울
2024-12-26,5063478,812925,860195,2024,-2.3,0.0,0.0,0,-5.6,2.6,0,추움,맑음,Thursday,3,0,12,겨울
2024-12-27,5193900,787309,857435,2024,-2.5,0.0,0.0,0,-6.1,1.5,0,추움,맑음,Friday,4,0,12,겨울
2024-12-28,3851096,221214,482200,2024,-2.0,0.0,0.0,0,-4.5,0.8,0,추움,맑음,Saturday,5,1,12,겨울
2024-12-29,2706651,143753,340269,2024,2.9,0.0,0.0,0,-1.4,5.3,0,추움,맑음,Sunday,6,1,12,겨울
2024-12-30,4826282,773689,808739,2024,4.6,0.0,0.0,0,-1.6,10.0,0,추움,맑음,Monday,0,0,12,겨울
2024-12-31,4789831,716774,705603,2024,0.2,0.0,0.0,0,-2.4,4.0,0,추움,맑음,Tuesday,1,0,12,겨울
